timestamp_utc,elapsed_sec,cpu_pct,temp_c,load_1m,load_5m,load_15m,ram_pct,idle_total,idle_server,idle_worker,idle_other,active_total,idle_in_tx,delta_idle,event,notes
"2026-05-15T05:37:22Z",0,2,51,3.91,1.90,1.08,24,41,34,7,0,1,0,0,"",""
"2026-05-15T05:37:27Z",5,4,48,3.38,1.85,1.07,24,41,34,7,0,1,0,0,"",""
"2026-05-15T05:37:32Z",10,2,47,3.27,1.86,1.08,24,41,34,7,0,1,0,0,"",""
"2026-05-15T05:37:37Z",15,3,53,3.01,1.82,1.07,24,41,34,7,0,1,0,0,"",""
"2026-05-15T05:37:42Z",20,2,47,2.77,1.79,1.07,24,42,35,7,0,1,0,1,"",""
"2026-05-15T05:37:48Z",26,2,55,2.63,1.78,1.07,24,42,35,7,0,1,0,0,"",""
"2026-05-15T05:37:53Z",31,25,60,2.58,1.78,1.07,24,48,41,7,0,1,0,6,"",""
"2026-05-15T05:37:58Z",36,1,52,2.37,1.75,1.07,24,51,44,7,0,1,0,3,"",""
"2026-05-15T05:38:03Z",41,2,47,2.18,1.72,1.06,24,48,41,7,0,1,0,-3,"",""
"2026-05-15T05:38:08Z",46,14,52,2.08,1.71,1.06,24,52,45,7,0,1,0,4,"",""
"2026-05-15T05:38:13Z",51,15,48,1.92,1.68,1.05,24,53,46,7,0,2,0,1,"",""
"2026-05-15T05:38:19Z",57,1,52,1.76,1.66,1.05,24,50,43,7,0,1,0,-3,"",""
"2026-05-15T05:38:24Z",62,3,47,1.62,1.63,1.04,24,50,43,7,0,1,0,0,"",""
"2026-05-15T05:38:29Z",67,2,47,1.49,1.60,1.04,24,50,43,7,0,1,0,0,"",""
"2026-05-15T05:38:34Z",72,2,47,1.37,1.57,1.03,24,50,43,7,0,1,0,0,"",""
"2026-05-15T05:38:39Z",77,2,51,1.26,1.55,1.02,24,51,44,7,0,1,0,1,"",""
"2026-05-15T05:38:45Z",83,2,55,1.24,1.54,1.02,24,51,44,7,0,1,0,0,"",""
"2026-05-15T05:38:50Z",88,4,57,1.14,1.51,1.02,24,51,44,7,0,1,0,0,"",""
"2026-05-15T05:38:55Z",93,1,61,1.45,1.57,1.04,24,59,52,7,0,1,0,8,"",""
"2026-05-15T05:39:00Z",98,0,53,1.33,1.54,1.03,24,59,52,7,0,1,0,0,"",""
"2026-05-15T05:39:05Z",103,16,56,1.23,1.52,1.03,24,57,50,7,0,1,0,-2,"",""
"2026-05-15T05:39:10Z",108,1,49,1.13,1.49,1.02,24,58,51,7,0,1,0,1,"",""
"2026-05-15T05:39:16Z",114,3,52,1.04,1.47,1.02,24,65,58,7,0,1,0,7,"",""
"2026-05-15T05:39:21Z",119,7,56,0.95,1.44,1.01,24,75,68,7,0,1,0,10,"",""
"2026-05-15T05:39:26Z",124,11,58,0.96,1.44,1.01,24,47,40,7,0,1,0,-28,"",""
"2026-05-15T05:39:31Z",129,4,50,0.88,1.41,1.00,24,60,53,7,0,1,0,13,"",""
"2026-05-15T05:39:36Z",134,8,56,0.81,1.39,1.00,24,72,65,7,0,1,0,12,"",""
"2026-05-15T05:39:41Z",139,10,59,0.83,1.38,1.00,24,80,73,7,0,1,0,8,"",""
"2026-05-15T05:39:47Z",145,15,52,0.76,1.36,0.99,24,80,73,7,0,1,0,0,"",""
"2026-05-15T05:39:52Z",150,7,54,0.70,1.34,0.99,24,86,79,7,0,1,0,6,"",""
"2026-05-15T05:39:57Z",155,1,47,0.64,1.31,0.98,24,85,78,7,0,1,0,-1,"",""
"2026-05-15T05:40:02Z",160,12,55,0.62,1.29,0.98,24,82,75,7,0,1,0,-3,"",""
"2026-05-15T05:40:07Z",165,2,56,0.57,1.26,0.97,24,83,76,7,0,1,0,1,"",""
"2026-05-15T05:40:13Z",171,9,59,0.52,1.24,0.97,24,82,75,7,0,1,0,-1,"",""
"2026-05-15T05:40:18Z",176,5,52,0.56,1.24,0.97,24,83,76,7,0,1,0,1,"",""
"2026-05-15T05:40:23Z",181,1,55,0.52,1.22,0.96,24,83,76,7,0,1,0,0,"",""
"2026-05-15T05:40:28Z",186,2,47,0.47,1.20,0.96,24,82,75,7,0,1,0,-1,"",""
"2026-05-15T05:40:33Z",191,5,56,0.44,1.18,0.95,24,83,76,7,0,1,0,1,"",""
"2026-05-15T05:40:38Z",196,1,49,0.40,1.16,0.95,24,87,80,7,0,1,0,4,"",""
"2026-05-15T05:40:44Z",202,6,52,0.61,1.19,0.96,24,87,80,7,0,1,0,0,"",""
"2026-05-15T05:40:49Z",207,14,47,0.64,1.18,0.96,24,74,67,7,0,1,0,-13,"",""
"2026-05-15T05:40:54Z",212,10,52,0.75,1.20,0.96,24,83,76,7,0,1,0,9,"",""
"2026-05-15T05:40:59Z",217,2,46,0.77,1.19,0.96,24,83,76,7,0,1,0,0,"",""
"2026-05-15T05:41:04Z",222,3,55,0.79,1.19,0.96,24,80,73,7,0,1,0,-3,"",""
"2026-05-15T05:41:10Z",228,2,48,0.81,1.19,0.97,25,84,77,7,0,1,0,4,"",""
"2026-05-15T05:41:15Z",233,3,51,0.82,1.18,0.97,25,84,77,7,0,1,0,0,"",""
"2026-05-15T05:41:20Z",238,3,46,0.76,1.16,0.96,25,84,77,7,0,1,0,0,"",""
"2026-05-15T05:41:25Z",243,3,52,0.78,1.16,0.96,25,83,76,7,0,1,0,-1,"",""
"2026-05-15T05:41:30Z",248,7,54,0.71,1.14,0.96,25,83,76,7,0,1,0,0,"",""
"2026-05-15T05:41:35Z",253,9,47,0.66,1.12,0.95,25,87,80,7,0,1,0,4,"",""
"2026-05-15T05:41:40Z",258,2,51,0.68,1.12,0.95,25,91,84,7,0,1,0,4,"",""
"2026-05-15T05:41:46Z",264,6,54,0.71,1.12,0.95,25,91,84,7,0,1,0,0,"",""
"2026-05-15T05:41:51Z",269,1,47,0.65,1.10,0.95,25,91,84,7,0,1,0,0,"",""
"2026-05-15T05:41:56Z",274,19,51,0.60,1.08,0.94,25,97,90,7,0,1,0,6,"",""
"2026-05-15T05:42:01Z",279,14,49,0.63,1.08,0.94,25,97,90,7,0,1,0,0,"",""
"2026-05-15T05:42:06Z",284,1,46,0.58,1.06,0.94,25,94,87,7,0,1,0,-3,"",""
"2026-05-15T05:42:12Z",290,10,51,0.53,1.04,0.93,25,98,91,7,0,1,0,4,"",""
"2026-05-15T05:42:17Z",295,10,56,0.49,1.03,0.92,25,98,91,7,0,1,0,0,"",""
"2026-05-15T05:42:22Z",300,3,48,0.69,1.06,0.94,25,98,91,7,0,1,0,0,"",""
"2026-05-15T05:42:27Z",305,2,50,0.64,1.04,0.93,25,98,91,7,0,1,0,0,"",""
"2026-05-15T05:42:32Z",310,3,46,0.59,1.02,0.93,25,98,91,7,0,1,0,0,"",""
"2026-05-15T05:42:37Z",315,3,49,0.49,0.99,0.91,25,99,92,7,0,1,0,1,"",""
"2026-05-15T05:42:43Z",321,17,53,0.45,0.97,0.91,25,103,96,7,0,1,0,4,"",""
"2026-05-15T05:42:48Z",326,5,55,0.42,0.96,0.90,25,103,96,7,0,1,0,0,"",""
"2026-05-15T05:42:53Z",331,6,57,0.46,0.96,0.90,25,109,102,7,0,1,0,6,"",""
"2026-05-15T05:42:58Z",336,5,50,0.43,0.94,0.90,25,108,101,7,0,1,0,-1,"",""
"2026-05-15T05:43:03Z",341,2,45,0.39,0.93,0.89,25,106,99,7,0,1,0,-2,"",""
"2026-05-15T05:43:08Z",346,1,49,0.36,0.91,0.89,25,106,99,7,0,1,0,0,"",""
"2026-05-15T05:43:14Z",352,8,52,0.33,0.89,0.89,25,80,73,7,0,1,0,-26,"",""
"2026-05-15T05:43:19Z",357,14,47,0.63,0.95,0.90,25,90,83,7,0,2,0,10,"",""
"2026-05-15T05:43:24Z",362,14,53,0.58,0.93,0.90,25,97,90,7,0,1,0,7,"",""
"2026-05-15T05:43:29Z",367,1,46,0.53,0.91,0.89,25,97,90,7,0,1,0,0,"",""
"2026-05-15T05:43:34Z",372,2,48,0.49,0.90,0.89,25,97,90,7,0,1,0,0,"",""
"2026-05-15T05:43:39Z",377,7,52,0.45,0.88,0.88,25,98,91,7,0,1,0,1,"",""
"2026-05-15T05:43:45Z",383,1,56,0.41,0.87,0.88,25,98,91,7,0,1,0,0,"",""
"2026-05-15T05:43:50Z",388,3,49,0.38,0.85,0.87,25,101,94,7,0,1,0,3,"",""
"2026-05-15T05:43:55Z",393,1,56,0.35,0.84,0.87,25,107,100,7,0,1,0,6,"",""
"2026-05-15T05:44:00Z",398,1,48,0.32,0.83,0.86,25,107,100,7,0,1,0,0,"",""
"2026-05-15T05:44:05Z",403,1,49,0.29,0.81,0.86,25,104,97,7,0,1,0,-3,"",""
"2026-05-15T05:44:10Z",408,3,55,0.27,0.80,0.85,25,105,98,7,0,1,0,1,"",""
"2026-05-15T05:44:16Z",414,1,47,0.25,0.78,0.85,25,105,98,7,0,1,0,0,"",""
"2026-05-15T05:44:21Z",419,1,49,0.31,0.79,0.85,25,108,101,7,0,1,0,3,"",""
"2026-05-15T05:44:26Z",424,6,52,0.28,0.77,0.84,25,107,100,7,0,1,0,-1,"",""
"2026-05-15T05:44:31Z",429,1,45,0.26,0.76,0.84,25,107,100,7,0,1,0,0,"",""
"2026-05-15T05:44:36Z",434,2,50,0.24,0.75,0.83,25,108,101,7,0,1,0,1,"",""
"2026-05-15T05:44:42Z",440,12,53,0.30,0.75,0.84,25,109,102,7,0,1,0,1,"",""
"2026-05-15T05:44:47Z",445,10,56,0.36,0.76,0.84,25,109,102,7,0,1,0,0,"",""
"2026-05-15T05:44:52Z",450,7,49,0.41,0.76,0.84,25,118,111,7,0,1,0,9,"",""
"2026-05-15T05:44:57Z",455,2,51,0.38,0.75,0.83,25,117,110,7,0,1,0,-1,"",""
"2026-05-15T05:45:02Z",460,3,44,0.35,0.74,0.83,25,114,107,7,0,1,0,-3,"",""
"2026-05-15T05:45:07Z",465,1,48,0.32,0.72,0.82,25,115,108,7,0,1,0,1,"",""
"2026-05-15T05:45:13Z",471,11,52,0.34,0.72,0.82,25,116,109,7,0,1,0,1,"",""
"2026-05-15T05:45:18Z",476,2,54,0.31,0.70,0.81,25,115,109,6,0,4,0,-1,"",""
"2026-05-15T05:45:23Z",481,6,47,0.29,0.69,0.81,25,119,112,7,0,1,0,4,"",""
"2026-05-15T05:45:28Z",486,3,50,0.27,0.68,0.81,25,120,113,7,0,1,0,1,"",""
"2026-05-15T05:45:33Z",491,14,54,0.32,0.69,0.81,25,120,113,7,0,2,0,0,"",""
"2026-05-15T05:45:38Z",496,5,48,0.30,0.67,0.80,25,121,114,7,0,1,0,1,"",""
"2026-05-15T05:45:44Z",502,3,50,0.27,0.66,0.80,25,123,116,7,0,1,0,2,"",""
"2026-05-15T05:45:49Z",507,20,55,0.33,0.67,0.80,25,125,118,7,0,2,0,2,"",""
"2026-05-15T05:45:54Z",512,21,49,0.55,0.71,0.81,25,136,129,7,0,2,0,11,"",""
"2026-05-15T05:45:59Z",517,3,45,0.58,0.71,0.81,25,138,131,7,0,1,0,2,"",""
"2026-05-15T05:46:04Z",522,3,51,0.54,0.70,0.81,25,135,128,7,0,1,0,-3,"",""
"2026-05-15T05:46:09Z",527,5,45,0.49,0.69,0.80,25,134,127,7,0,1,0,-1,"",""
"2026-05-15T05:46:15Z",533,1,48,0.45,0.68,0.80,25,136,129,7,0,1,0,2,"",""
"2026-05-15T05:46:20Z",538,2,50,0.42,0.67,0.80,25,136,129,7,0,1,0,0,"",""
"2026-05-15T05:46:25Z",543,7,54,0.38,0.65,0.79,25,136,129,7,0,1,0,0,"",""
"2026-05-15T05:46:30Z",548,2,46,0.35,0.64,0.79,25,139,132,7,0,1,0,3,"",""
"2026-05-15T05:46:35Z",553,2,52,0.32,0.63,0.78,25,138,131,7,0,1,0,-1,"",""
"2026-05-15T05:46:40Z",558,1,44,0.30,0.62,0.78,25,141,134,7,0,1,0,3,"",""
"2026-05-15T05:46:46Z",564,2,49,0.27,0.61,0.77,25,143,136,7,0,1,0,2,"",""
"2026-05-15T05:46:51Z",569,0,52,0.25,0.60,0.77,25,143,136,7,0,1,0,0,"",""
"2026-05-15T05:46:56Z",574,3,54,0.23,0.59,0.77,25,149,142,7,0,1,0,6,"",""
"2026-05-15T05:47:01Z",579,0,47,0.21,0.58,0.76,25,152,145,7,0,1,0,3,"",""
"2026-05-15T05:47:06Z",584,5,53,0.20,0.57,0.76,26,149,142,7,0,1,0,-3,"",""
"2026-05-15T05:47:11Z",589,5,54,0.18,0.56,0.75,25,149,142,7,0,1,0,0,"",""
"2026-05-15T05:47:17Z",595,10,57,0.16,0.55,0.75,26,150,143,7,0,1,0,1,"",""
"2026-05-15T05:47:22Z",600,8,49,0.15,0.54,0.74,25,150,143,7,0,1,0,0,"",""
"2026-05-15T05:47:27Z",605,2,52,0.14,0.53,0.74,26,150,143,7,0,1,0,0,"",""
"2026-05-15T05:47:32Z",610,1,46,0.13,0.52,0.73,25,153,146,7,0,1,0,3,"",""
"2026-05-15T05:47:37Z",615,5,48,0.12,0.51,0.73,26,152,145,7,0,1,0,-1,"",""
"2026-05-15T05:47:42Z",620,18,54,0.11,0.51,0.73,26,154,147,7,0,1,0,2,"",""
"2026-05-15T05:47:48Z",626,1,46,0.16,0.50,0.72,26,154,147,7,0,1,0,0,"",""
"2026-05-15T05:47:53Z",631,2,48,0.15,0.50,0.72,26,159,152,7,0,1,0,5,"",""
"2026-05-15T05:47:58Z",636,1,51,0.14,0.49,0.72,26,160,153,7,0,1,0,1,"",""
"2026-05-15T05:48:03Z",641,3,54,0.13,0.48,0.71,26,160,153,7,0,1,0,0,"",""
"2026-05-15T05:48:08Z",646,2,46,0.12,0.47,0.71,26,159,152,7,0,1,0,-1,"",""
"2026-05-15T05:48:13Z",651,6,50,0.35,0.51,0.72,26,161,154,7,0,1,0,2,"",""
"2026-05-15T05:48:19Z",657,5,53,0.32,0.50,0.72,26,161,154,7,0,1,0,0,"",""
"2026-05-15T05:48:24Z",662,8,45,0.29,0.50,0.71,26,162,155,7,0,2,0,1,"",""
"2026-05-15T05:48:29Z",667,14,50,0.35,0.50,0.71,26,170,163,7,0,1,0,8,"",""
"2026-05-15T05:48:34Z",672,14,54,0.32,0.50,0.71,26,178,171,7,0,1,0,8,"",""
"2026-05-15T05:48:39Z",677,2,46,0.30,0.49,0.71,26,178,171,7,0,1,0,0,"",""
"2026-05-15T05:48:44Z",682,4,51,0.27,0.48,0.70,26,179,172,7,0,1,0,1,"",""
"2026-05-15T05:48:50Z",688,6,53,0.25,0.47,0.70,26,179,172,7,0,1,0,0,"",""
"2026-05-15T05:48:55Z",693,1,46,0.23,0.46,0.69,26,185,178,7,0,1,0,6,"",""
"2026-05-15T05:49:00Z",698,1,49,0.21,0.45,0.69,26,185,178,7,0,1,0,0,"",""
"2026-05-15T05:49:05Z",703,4,45,0.19,0.45,0.69,26,182,175,7,0,1,0,-3,"",""
"2026-05-15T05:49:10Z",708,2,48,0.18,0.44,0.68,26,185,178,7,0,1,0,3,"",""
"2026-05-15T05:49:15Z",713,1,51,0.16,0.43,0.68,26,186,179,7,0,1,0,1,"",""
"2026-05-15T05:49:21Z",719,2,45,0.15,0.42,0.68,26,186,179,7,0,1,0,0,"",""
"2026-05-15T05:49:26Z",724,24,51,0.14,0.42,0.67,22,7,0,7,0,1,0,-179,"WATCHDOG_FIRE","drop:179,from:186,cycle_sec:724"
"2026-05-15T05:49:31Z",729,20,56,0.21,0.43,0.67,22,8,1,7,0,1,1,1,"",""
"2026-05-15T05:49:36Z",734,39,55,0.27,0.44,0.68,23,14,8,6,0,4,0,6,"","cpu_spike:39pct"
"2026-05-15T05:49:41Z",739,21,57,0.41,0.46,0.68,24,26,20,6,0,3,0,12,"",""
"2026-05-15T05:49:46Z",744,28,56,0.46,0.47,0.68,24,29,24,5,0,3,0,3,"",""
"2026-05-15T05:49:52Z",750,13,53,0.66,0.51,0.70,24,37,30,7,0,1,0,8,"",""
"2026-05-15T05:49:57Z",755,15,57,0.61,0.51,0.69,24,40,33,7,0,1,0,3,"",""
"2026-05-15T05:50:02Z",760,11,50,0.56,0.50,0.69,24,39,32,7,0,1,0,-1,"",""
"2026-05-15T05:50:07Z",765,7,55,0.51,0.49,0.69,24,41,34,7,0,1,0,2,"",""
"2026-05-15T05:50:12Z",770,14,58,0.47,0.48,0.68,24,44,37,7,0,1,0,3,"",""
"2026-05-15T05:50:18Z",776,5,51,0.43,0.47,0.68,24,44,37,7,0,1,0,0,"",""
"2026-05-15T05:50:23Z",781,1,47,0.44,0.47,0.68,24,44,37,7,0,1,0,0,"",""
"2026-05-15T05:50:28Z",786,3,52,0.41,0.46,0.67,24,43,36,7,0,1,0,-1,"",""
"2026-05-15T05:50:33Z",791,4,56,0.37,0.46,0.67,24,44,37,7,0,1,0,1,"",""
"2026-05-15T05:50:38Z",796,1,49,0.34,0.45,0.66,24,45,38,7,0,1,0,1,"",""
"2026-05-15T05:50:43Z",801,1,53,0.32,0.44,0.66,24,48,41,7,0,1,0,3,"",""
"2026-05-15T05:50:49Z",807,18,48,0.29,0.43,0.66,24,39,32,7,0,1,0,-9,"",""
"2026-05-15T05:50:54Z",812,8,47,0.35,0.44,0.66,24,36,29,7,0,1,0,-3,"",""
"2026-05-15T05:50:59Z",817,1,54,0.40,0.45,0.66,24,36,29,7,0,1,0,0,"",""
"2026-05-15T05:51:04Z",822,2,46,0.37,0.44,0.66,24,33,26,7,0,1,0,-3,"",""
"2026-05-15T05:51:09Z",827,2,50,0.34,0.44,0.65,24,34,27,7,0,1,0,1,"",""
"2026-05-15T05:51:15Z",833,9,52,0.31,0.43,0.65,24,37,30,7,0,1,0,3,"",""
"2026-05-15T05:51:20Z",838,4,55,0.29,0.42,0.64,24,36,29,7,0,1,0,-1,"",""
"2026-05-15T05:51:25Z",843,2,47,0.26,0.41,0.64,24,37,30,7,0,1,0,1,"",""
"2026-05-15T05:51:30Z",848,4,52,0.40,0.44,0.65,24,37,30,7,0,1,0,0,"",""
"2026-05-15T05:51:35Z",853,2,46,0.37,0.43,0.64,24,36,29,7,0,1,0,-1,"",""
"2026-05-15T05:51:40Z",858,2,51,0.34,0.43,0.64,24,38,31,7,0,1,0,2,"",""
"2026-05-15T05:51:46Z",864,9,54,0.31,0.42,0.64,24,38,31,7,0,1,0,0,"",""
"2026-05-15T05:51:51Z",869,3,47,0.29,0.41,0.63,24,41,34,7,0,1,0,3,"",""
"2026-05-15T05:51:56Z",874,2,49,0.34,0.42,0.64,24,47,40,7,0,1,0,6,"",""
"2026-05-15T05:52:01Z",879,6,53,0.32,0.41,0.63,24,44,37,7,0,1,0,-3,"",""
"2026-05-15T05:52:06Z",884,3,46,0.29,0.41,0.63,24,44,37,7,0,1,0,0,"",""
"2026-05-15T05:52:11Z",889,12,50,0.43,0.43,0.64,24,45,38,7,0,1,0,1,"",""
"2026-05-15T05:52:17Z",895,10,54,0.39,0.43,0.63,24,45,38,7,0,1,0,0,"",""
"2026-05-15T05:52:22Z",900,5,47,0.36,0.42,0.63,24,48,41,7,0,1,0,3,"",""
"2026-05-15T05:52:27Z",905,2,52,0.33,0.41,0.63,24,48,41,7,0,1,0,0,"",""
"2026-05-15T05:52:32Z",910,4,45,0.31,0.40,0.62,25,48,41,7,0,1,0,0,"",""
"2026-05-15T05:52:37Z",915,2,48,0.36,0.41,0.62,25,48,41,7,0,1,0,0,"",""
"2026-05-15T05:52:42Z",920,13,51,0.33,0.41,0.62,25,50,43,7,0,1,0,2,"",""
"2026-05-15T05:52:48Z",926,1,54,0.31,0.40,0.62,25,50,43,7,0,1,0,0,"",""
"2026-05-15T05:52:53Z",931,6,47,0.28,0.39,0.61,25,58,51,7,0,1,0,8,"",""
"2026-05-15T05:52:58Z",936,5,51,0.31,0.40,0.61,25,59,52,7,0,1,0,1,"",""
"2026-05-15T05:53:03Z",941,2,45,0.93,0.52,0.65,25,56,49,7,0,1,0,-3,"",""
"2026-05-15T05:53:08Z",946,2,50,0.93,0.53,0.66,25,56,49,7,0,1,0,0,"",""
"2026-05-15T05:53:13Z",951,7,56,0.86,0.52,0.65,25,57,50,7,0,1,0,1,"",""
"2026-05-15T05:53:19Z",957,2,48,0.79,0.51,0.65,25,56,49,7,0,1,0,-1,"",""
"2026-05-15T05:53:24Z",962,2,51,0.73,0.51,0.64,25,60,53,7,0,1,0,4,"",""
"2026-05-15T05:53:29Z",967,6,55,0.67,0.50,0.64,25,60,53,7,0,1,0,0,"",""
"2026-05-15T05:53:34Z",972,17,48,0.69,0.51,0.64,25,65,58,7,0,1,0,5,"",""
"2026-05-15T05:53:39Z",977,21,55,0.72,0.51,0.64,25,56,49,7,0,2,0,-9,"",""
"2026-05-15T05:53:44Z",982,3,48,0.74,0.52,0.65,25,58,51,7,0,1,0,2,"",""
"2026-05-15T05:53:50Z",988,5,54,0.84,0.55,0.65,25,58,51,7,0,1,0,0,"",""
"2026-05-15T05:53:55Z",993,7,47,0.78,0.54,0.65,25,67,60,7,0,1,0,9,"",""
"2026-05-15T05:54:00Z",998,7,53,0.71,0.53,0.65,25,66,59,7,0,1,0,-1,"",""
"2026-05-15T05:54:05Z",1003,4,46,0.66,0.52,0.64,25,64,57,7,0,1,0,-2,"",""
"2026-05-15T05:54:10Z",1008,4,53,0.60,0.51,0.64,25,65,58,7,0,1,0,1,"",""
"2026-05-15T05:54:16Z",1014,2,46,0.55,0.50,0.63,25,65,58,7,0,1,0,0,"",""
"2026-05-15T05:54:21Z",1019,1,49,0.51,0.49,0.63,25,65,58,7,0,1,0,0,"",""
"2026-05-15T05:54:26Z",1024,14,53,0.47,0.48,0.63,25,67,60,7,0,1,0,2,"",""
"2026-05-15T05:54:31Z",1029,2,55,0.43,0.48,0.62,25,68,61,7,0,1,0,1,"",""
"2026-05-15T05:54:36Z",1034,4,47,0.40,0.47,0.62,25,68,61,7,0,1,0,0,"",""
"2026-05-15T05:54:41Z",1039,11,53,0.36,0.46,0.62,25,72,65,7,0,1,0,4,"",""
"2026-05-15T05:54:47Z",1045,6,46,0.34,0.45,0.61,25,71,64,7,0,1,0,-1,"",""
"2026-05-15T05:54:52Z",1050,6,52,0.31,0.44,0.61,25,77,70,7,0,1,0,6,"",""
"2026-05-15T05:54:57Z",1055,3,45,0.28,0.44,0.61,25,78,71,7,0,1,0,1,"",""
"2026-05-15T05:55:02Z",1060,3,49,0.34,0.45,0.61,25,78,71,7,0,1,0,0,"",""
"2026-05-15T05:55:07Z",1065,1,52,0.31,0.44,0.61,25,78,71,7,0,1,0,0,"",""
"2026-05-15T05:55:12Z",1070,11,55,0.29,0.43,0.60,25,79,72,7,0,1,0,1,"",""
"2026-05-15T05:55:18Z",1076,1,47,0.26,0.42,0.60,25,79,72,7,0,1,0,0,"",""
"2026-05-15T05:55:23Z",1081,2,50,0.24,0.42,0.60,25,79,72,7,0,1,0,0,"",""
"2026-05-15T05:55:28Z",1086,1,45,0.22,0.41,0.59,25,78,71,7,0,1,0,-1,"",""
"2026-05-15T05:55:33Z",1091,14,52,0.42,0.45,0.60,25,54,47,7,0,2,0,-24,"",""
"2026-05-15T05:55:38Z",1096,2,46,0.39,0.44,0.60,25,56,49,7,0,1,0,2,"",""
"2026-05-15T05:55:44Z",1102,2,51,0.36,0.43,0.60,25,56,49,7,0,1,0,0,"",""
"2026-05-15T05:55:49Z",1107,15,54,0.41,0.44,0.60,25,60,53,7,0,1,0,4,"",""
"2026-05-15T05:55:54Z",1112,12,47,0.38,0.43,0.59,25,69,62,7,0,1,0,9,"",""
"2026-05-15T05:55:59Z",1117,2,46,0.35,0.43,0.59,25,69,62,7,0,1,0,0,"",""
"2026-05-15T05:56:04Z",1122,3,51,0.32,0.42,0.59,25,69,62,7,0,1,0,0,"",""
"2026-05-15T05:56:09Z",1127,5,55,0.29,0.41,0.58,25,68,61,7,0,1,0,-1,"",""
"2026-05-15T05:56:15Z",1133,2,49,0.27,0.40,0.58,25,70,63,7,0,1,0,2,"",""
"2026-05-15T05:56:20Z",1138,0,51,0.25,0.40,0.58,25,69,63,6,0,4,0,-1,"",""
"2026-05-15T05:56:25Z",1143,2,46,0.23,0.39,0.57,25,70,63,7,0,1,0,1,"",""
"2026-05-15T05:56:30Z",1148,1,49,0.21,0.38,0.57,25,70,63,7,0,1,0,0,"",""
"2026-05-15T05:56:35Z",1153,1,51,0.19,0.38,0.57,25,73,66,7,0,1,0,3,"",""
"2026-05-15T05:56:40Z",1158,3,46,0.18,0.37,0.56,25,73,66,7,0,1,0,0,"",""
"2026-05-15T05:56:46Z",1164,1,49,0.24,0.38,0.57,26,74,67,7,0,1,0,1,"",""
"2026-05-15T05:56:51Z",1169,6,53,0.22,0.38,0.56,25,74,67,7,0,1,0,0,"",""
"2026-05-15T05:56:56Z",1174,1,46,0.20,0.37,0.56,25,80,73,7,0,1,0,6,"",""
"2026-05-15T05:57:01Z",1179,13,48,0.27,0.38,0.56,26,79,72,7,0,1,0,-1,"",""
"2026-05-15T05:57:06Z",1184,25,49,0.33,0.39,0.56,26,80,73,7,0,1,0,1,"",""
"2026-05-15T05:57:11Z",1189,10,56,0.30,0.38,0.56,26,80,73,7,0,1,0,0,"",""
"2026-05-15T05:57:17Z",1195,6,48,0.28,0.38,0.56,26,81,74,7,0,1,0,1,"",""
"2026-05-15T05:57:22Z",1200,8,53,0.25,0.37,0.55,26,81,74,7,0,1,0,0,"",""
"2026-05-15T05:57:27Z",1205,5,46,0.23,0.36,0.55,26,81,74,7,0,1,0,0,"",""
"2026-05-15T05:57:32Z",1210,7,52,0.21,0.36,0.55,26,81,74,7,0,1,0,0,"",""
"2026-05-15T05:57:37Z",1215,9,55,0.20,0.35,0.54,25,81,74,7,0,1,0,0,"",""
"2026-05-15T05:57:42Z",1220,20,58,0.18,0.35,0.54,26,85,78,7,0,1,0,4,"",""
"2026-05-15T05:57:48Z",1226,2,50,0.17,0.34,0.54,26,84,77,7,0,1,0,-1,"",""
"2026-05-15T05:57:53Z",1231,4,53,0.15,0.33,0.53,26,91,84,7,0,1,0,7,"",""
"2026-05-15T05:57:58Z",1236,2,46,0.14,0.33,0.53,26,91,84,7,0,1,0,0,"",""
"2026-05-15T05:58:03Z",1241,7,53,0.13,0.32,0.53,26,88,81,7,0,1,0,-3,"",""
"2026-05-15T05:58:08Z",1246,3,46,0.18,0.33,0.53,26,88,81,7,0,1,0,0,"",""
"2026-05-15T05:58:13Z",1251,4,50,0.17,0.32,0.53,26,92,85,7,0,1,0,4,"",""
"2026-05-15T05:58:19Z",1257,2,53,0.15,0.32,0.52,26,92,85,7,0,1,0,0,"",""
"2026-05-15T05:58:24Z",1262,1,46,0.14,0.31,0.52,26,91,84,7,0,1,0,-1,"",""
"2026-05-15T05:58:29Z",1267,2,51,0.13,0.31,0.52,26,92,85,7,0,1,0,1,"",""
"2026-05-15T05:58:34Z",1272,5,54,0.12,0.30,0.51,26,92,85,7,0,1,0,0,"",""
"2026-05-15T05:58:39Z",1277,1,46,0.11,0.30,0.51,26,92,85,7,0,1,0,0,"",""
"2026-05-15T05:58:45Z",1283,14,52,0.10,0.29,0.51,26,105,98,7,0,1,0,13,"",""
"2026-05-15T05:58:50Z",1288,5,56,0.25,0.32,0.52,26,92,85,7,0,1,0,-13,"",""
"2026-05-15T05:58:55Z",1293,2,48,0.23,0.31,0.51,26,98,91,7,0,1,0,6,"",""
"2026-05-15T05:59:00Z",1298,0,51,0.29,0.33,0.52,26,98,91,7,0,1,0,0,"",""
"2026-05-15T05:59:05Z",1303,1,54,0.27,0.32,0.51,26,94,87,7,0,1,0,-4,"",""
"2026-05-15T05:59:10Z",1308,1,45,0.25,0.31,0.51,26,95,88,7,0,1,0,1,"",""
"2026-05-15T05:59:16Z",1314,0,50,0.71,0.41,0.54,26,99,92,7,0,1,0,4,"",""
"2026-05-15T05:59:21Z",1319,11,55,0.65,0.40,0.54,26,99,92,7,0,1,0,0,"",""
"2026-05-15T05:59:26Z",1324,0,47,0.60,0.39,0.53,26,99,92,7,0,1,0,0,"",""
"2026-05-15T05:59:31Z",1329,2,52,0.55,0.39,0.53,26,98,91,7,0,1,0,-1,"",""
"2026-05-15T05:59:36Z",1334,2,45,0.59,0.40,0.53,26,99,92,7,0,1,0,1,"",""
"2026-05-15T05:59:41Z",1339,8,60,0.70,0.43,0.54,26,102,95,7,0,1,0,3,"",""
"2026-05-15T05:59:47Z",1345,21,53,0.64,0.42,0.54,26,106,99,7,0,1,0,4,"",""
"2026-05-15T05:59:52Z",1350,6,47,0.59,0.41,0.54,26,112,105,7,0,1,0,6,"",""
"2026-05-15T05:59:57Z",1355,3,49,0.63,0.42,0.54,26,111,104,7,0,1,0,-1,"",""
"2026-05-15T06:00:02Z",1360,8,53,0.66,0.43,0.54,26,108,101,7,0,1,0,-3,"",""
"2026-05-15T06:00:07Z",1365,2,46,0.68,0.44,0.55,26,109,102,7,0,1,0,1,"",""
"2026-05-15T06:00:13Z",1371,10,51,0.63,0.43,0.54,26,109,102,7,0,1,0,0,"",""
"2026-05-15T06:00:18Z",1376,9,53,0.66,0.44,0.55,26,110,103,7,0,1,0,1,"",""
"2026-05-15T06:00:23Z",1381,3,46,0.61,0.43,0.54,26,113,106,7,0,1,0,3,"",""
"2026-05-15T06:00:28Z",1386,0,50,0.56,0.43,0.54,26,113,106,7,0,1,0,0,"",""
"2026-05-15T06:00:33Z",1391,3,44,0.51,0.42,0.54,26,112,105,7,0,1,0,-1,"",""
"2026-05-15T06:00:38Z",1396,1,47,0.63,0.45,0.54,26,113,106,7,0,1,0,1,"",""
"2026-05-15T06:00:44Z",1402,2,50,0.61,0.45,0.54,26,113,106,7,0,1,0,0,"",""
"2026-05-15T06:00:49Z",1407,16,55,0.64,0.46,0.55,26,117,110,7,0,1,0,4,"",""
"2026-05-15T06:00:54Z",1412,7,48,0.67,0.47,0.55,26,120,113,7,0,1,0,3,"",""
"2026-05-15T06:00:59Z",1417,5,53,0.70,0.48,0.55,26,120,113,7,0,1,0,0,"",""
"2026-05-15T06:01:04Z",1422,3,56,0.64,0.47,0.55,26,117,110,7,0,1,0,-3,"",""
"2026-05-15T06:01:09Z",1427,2,48,0.59,0.46,0.55,26,117,110,7,0,1,0,0,"",""
"2026-05-15T06:01:15Z",1433,2,51,0.54,0.45,0.54,26,117,110,7,0,1,0,0,"",""
"2026-05-15T06:01:20Z",1438,0,45,0.50,0.44,0.54,26,118,111,7,0,1,0,1,"",""
"2026-05-15T06:01:25Z",1443,3,49,0.46,0.44,0.54,26,121,114,7,0,1,0,3,"",""
"2026-05-15T06:01:30Z",1448,6,53,0.42,0.43,0.53,26,121,114,7,0,1,0,0,"",""
"2026-05-15T06:01:35Z",1453,7,55,0.39,0.42,0.53,26,120,113,7,0,1,0,-1,"",""
"2026-05-15T06:01:40Z",1458,2,47,0.52,0.45,0.54,26,122,115,7,0,1,0,2,"",""
"2026-05-15T06:01:46Z",1464,12,52,0.47,0.44,0.54,26,123,116,7,0,1,0,1,"",""
"2026-05-15T06:01:51Z",1469,3,45,0.44,0.43,0.53,26,123,116,7,0,1,0,0,"",""
"2026-05-15T06:01:56Z",1474,2,48,0.48,0.44,0.54,26,132,125,7,0,1,0,9,"",""
"2026-05-15T06:02:01Z",1479,3,44,0.44,0.43,0.53,26,132,125,7,0,1,0,0,"",""
"2026-05-15T06:02:06Z",1484,2,47,0.41,0.43,0.53,26,129,122,7,0,1,0,-3,"",""
"2026-05-15T06:02:11Z",1489,5,52,0.37,0.42,0.53,26,129,122,7,0,1,0,0,"",""
"2026-05-15T06:02:17Z",1495,13,56,0.34,0.41,0.52,26,130,123,7,0,1,0,1,"",""
"2026-05-15T06:02:22Z",1500,16,58,0.32,0.41,0.52,26,130,123,7,0,1,0,0,"",""
"2026-05-15T06:02:27Z",1505,8,51,0.29,0.40,0.52,26,133,126,7,0,1,0,3,"",""
"2026-05-15T06:02:32Z",1510,2,44,0.27,0.39,0.52,26,133,126,7,0,1,0,0,"",""
"2026-05-15T06:02:37Z",1515,5,47,0.33,0.40,0.52,26,133,126,7,0,1,0,0,"",""
"2026-05-15T06:02:42Z",1520,17,54,0.30,0.40,0.52,26,133,126,7,0,1,0,0,"",""
"2026-05-15T06:02:48Z",1526,1,47,0.36,0.41,0.52,26,134,127,7,0,1,0,1,"",""
"2026-05-15T06:02:53Z",1531,3,49,0.33,0.40,0.52,26,140,133,7,0,1,0,6,"",""
"2026-05-15T06:02:58Z",1536,11,53,0.30,0.39,0.51,26,143,136,7,0,1,0,3,"",""
"2026-05-15T06:03:03Z",1541,3,45,0.28,0.39,0.51,26,139,132,7,0,1,0,-4,"",""
"2026-05-15T06:03:08Z",1546,1,50,0.25,0.38,0.51,26,140,133,7,0,1,0,1,"",""
"2026-05-15T06:03:13Z",1551,6,53,0.23,0.37,0.50,26,140,133,7,0,1,0,0,"",""
"2026-05-15T06:03:19Z",1557,3,46,0.27,0.38,0.50,26,141,134,7,0,1,0,1,"",""
"2026-05-15T06:03:24Z",1562,2,51,0.25,0.37,0.50,26,141,134,7,0,1,0,0,"",""
"2026-05-15T06:03:29Z",1567,3,44,0.23,0.36,0.50,26,141,134,7,0,1,0,0,"",""
"2026-05-15T06:03:34Z",1572,0,47,0.21,0.36,0.50,26,144,137,7,0,1,0,3,"",""
"2026-05-15T06:03:39Z",1577,2,51,0.27,0.37,0.50,26,143,136,7,0,1,0,-1,"",""
"2026-05-15T06:03:44Z",1582,2,55,0.25,0.36,0.50,26,144,137,7,0,1,0,1,"",""
"2026-05-15T06:03:50Z",1588,13,48,0.23,0.35,0.49,26,148,141,7,0,2,0,4,"",""
"2026-05-15T06:03:55Z",1593,14,46,0.37,0.38,0.50,26,100,93,7,0,1,0,-48,"",""
"2026-05-15T06:04:00Z",1598,1,51,0.34,0.38,0.50,26,103,96,7,0,1,0,3,"",""
"2026-05-15T06:04:05Z",1603,2,45,0.40,0.39,0.50,26,103,96,7,0,1,0,0,"",""
"2026-05-15T06:04:10Z",1608,3,49,0.36,0.38,0.50,26,102,95,7,0,1,0,-1,"",""
"2026-05-15T06:04:15Z",1613,1,51,0.33,0.37,0.49,26,103,96,7,0,1,0,1,"",""
"2026-05-15T06:04:21Z",1619,1,45,0.31,0.37,0.49,26,104,97,7,0,1,0,1,"",""
"2026-05-15T06:04:26Z",1624,6,50,0.36,0.38,0.49,26,104,97,7,0,1,0,0,"",""
"2026-05-15T06:04:31Z",1629,2,45,0.33,0.37,0.49,26,104,97,7,0,1,0,0,"",""
"2026-05-15T06:04:36Z",1634,4,50,0.39,0.38,0.49,26,108,101,7,0,1,0,4,"",""
"2026-05-15T06:04:41Z",1639,6,45,0.44,0.39,0.50,27,111,104,7,0,1,0,3,"",""
"2026-05-15T06:04:46Z",1644,9,57,0.40,0.39,0.49,27,111,104,7,0,1,0,0,"",""
"2026-05-15T06:04:52Z",1650,9,50,0.37,0.38,0.49,27,118,111,7,0,1,0,7,"",""
"2026-05-15T06:04:57Z",1655,3,45,0.34,0.37,0.49,27,118,111,7,0,1,0,0,"",""
"2026-05-15T06:05:02Z",1660,3,48,0.31,0.37,0.49,27,115,108,7,0,1,0,-3,"",""
"2026-05-15T06:05:07Z",1665,9,52,0.29,0.36,0.48,27,118,111,7,0,1,0,3,"",""
"2026-05-15T06:05:12Z",1670,14,54,0.26,0.35,0.48,27,118,111,7,0,1,0,0,"",""
"2026-05-15T06:05:17Z",1675,2,56,0.24,0.35,0.48,27,118,111,7,0,1,0,0,"",""
"2026-05-15T06:05:23Z",1681,3,48,0.22,0.34,0.47,27,119,112,7,0,1,0,1,"",""
"2026-05-15T06:05:28Z",1686,1,45,0.20,0.34,0.47,27,119,112,7,0,1,0,0,"",""
"2026-05-15T06:05:33Z",1691,14,50,0.19,0.33,0.47,27,119,112,7,0,2,0,0,"",""
"2026-05-15T06:05:38Z",1696,15,55,0.25,0.34,0.47,27,122,115,7,0,1,0,3,"",""
"2026-05-15T06:05:43Z",1701,3,49,0.23,0.34,0.47,27,123,116,7,0,1,0,1,"",""
"2026-05-15T06:05:48Z",1706,18,52,0.21,0.33,0.47,27,125,118,7,0,2,0,2,"",""
"2026-05-15T06:05:54Z",1712,5,54,0.33,0.35,0.47,27,136,129,7,0,1,0,11,"",""
"2026-05-15T06:05:59Z",1717,3,47,0.30,0.35,0.47,27,136,129,7,0,1,0,0,"",""
"2026-05-15T06:06:04Z",1722,3,52,0.36,0.36,0.47,27,133,126,7,0,1,0,-3,"",""
"2026-05-15T06:06:09Z",1727,2,54,0.33,0.35,0.47,27,133,126,7,0,1,0,0,"",""
"2026-05-15T06:06:14Z",1732,3,58,0.30,0.34,0.46,27,136,129,7,0,1,0,3,"",""
"2026-05-15T06:06:19Z",1737,8,51,0.28,0.34,0.46,27,136,129,7,0,1,0,0,"",""
"2026-05-15T06:06:25Z",1743,1,52,0.26,0.33,0.46,27,137,130,7,0,1,0,1,"",""
"2026-05-15T06:06:30Z",1748,0,45,0.24,0.33,0.46,27,137,130,7,0,1,0,0,"",""
"2026-05-15T06:06:35Z",1753,2,54,0.22,0.32,0.45,27,136,129,7,0,1,0,-1,"",""
"2026-05-15T06:06:40Z",1758,0,47,0.20,0.32,0.45,27,137,130,7,0,1,0,1,"",""
"2026-05-15T06:06:45Z",1763,2,50,0.18,0.31,0.45,27,140,133,7,0,1,0,3,"",""
"2026-05-15T06:06:51Z",1769,6,53,0.25,0.32,0.45,27,140,133,7,0,1,0,0,"",""
"2026-05-15T06:06:56Z",1774,0,46,0.39,0.35,0.46,27,147,140,7,0,1,0,7,"",""
"2026-05-15T06:07:01Z",1779,2,45,0.36,0.34,0.46,27,144,137,7,0,1,0,-3,"",""
"2026-05-15T06:07:06Z",1784,1,45,0.33,0.34,0.45,27,144,137,7,0,1,0,0,"",""
"2026-05-15T06:07:11Z",1789,17,50,0.30,0.33,0.45,27,144,137,7,0,1,0,0,"",""
"2026-05-15T06:07:16Z",1794,9,55,0.28,0.33,0.45,27,146,139,7,0,1,0,2,"",""
"2026-05-15T06:07:22Z",1800,1,48,0.26,0.32,0.45,27,147,140,7,0,1,0,1,"",""
"2026-05-15T06:07:27Z",1805,2,46,0.24,0.32,0.44,27,148,141,7,0,1,0,1,"",""
"2026-05-15T06:07:32Z",1810,1,54,0.22,0.31,0.44,27,147,140,7,0,1,0,-1,"",""
"2026-05-15T06:07:37Z",1815,4,46,0.20,0.30,0.44,27,149,142,7,0,1,0,2,"",""
"2026-05-15T06:07:42Z",1820,8,60,0.18,0.30,0.44,27,149,142,7,0,1,0,0,"",""
"2026-05-15T06:07:47Z",1825,7,53,0.17,0.29,0.43,27,152,145,7,0,1,0,3,"",""
"2026-05-15T06:07:53Z",1831,7,54,0.15,0.29,0.43,27,159,152,7,0,1,0,7,"",""
"2026-05-15T06:07:58Z",1836,1,47,0.22,0.30,0.44,27,159,152,7,0,1,0,0,"",""
"2026-05-15T06:08:03Z",1841,4,53,0.20,0.30,0.43,27,156,149,7,0,1,0,-3,"",""
"2026-05-15T06:08:08Z",1846,1,45,0.19,0.29,0.43,27,156,149,7,0,1,0,0,"",""
"2026-05-15T06:08:13Z",1851,3,48,0.41,0.34,0.44,27,156,149,7,0,1,0,0,"",""
"2026-05-15T06:08:19Z",1857,4,52,0.42,0.34,0.45,27,158,151,7,0,1,0,2,"",""
"2026-05-15T06:08:24Z",1862,16,56,0.47,0.35,0.45,27,164,157,7,0,1,0,6,"",""
"2026-05-15T06:08:29Z",1867,17,52,0.59,0.38,0.46,23,7,0,7,0,1,0,-157,"WATCHDOG_FIRE","drop:157,from:164,cycle_sec:1143"
"2026-05-15T06:08:34Z",1872,16,55,0.70,0.41,0.47,23,8,1,7,0,1,1,1,"",""
"2026-05-15T06:08:39Z",1877,45,56,0.89,0.45,0.48,24,15,9,6,0,3,0,7,"","cpu_spike:45pct"
"2026-05-15T06:08:44Z",1882,29,56,0.98,0.48,0.49,24,22,17,5,0,4,0,7,"",""
"2026-05-15T06:08:50Z",1888,25,56,1.06,0.50,0.50,25,24,19,5,0,3,0,2,"",""
"2026-05-15T06:08:55Z",1893,2,53,0.98,0.49,0.49,25,35,28,7,0,1,0,11,"",""
"2026-05-15T06:09:00Z",1898,16,49,0.98,0.50,0.50,25,24,17,7,0,1,0,-11,"",""
"2026-05-15T06:09:05Z",1903,18,57,0.98,0.51,0.50,25,30,23,7,0,1,0,6,"",""
"2026-05-15T06:09:10Z",1908,1,51,0.90,0.50,0.50,25,30,23,7,0,1,0,0,"",""
"2026-05-15T06:09:16Z",1914,2,53,0.83,0.49,0.49,25,34,27,7,0,1,0,4,"",""
"2026-05-15T06:09:21Z",1919,2,47,0.76,0.48,0.49,25,34,27,7,0,1,0,0,"",""
"2026-05-15T06:09:26Z",1924,0,53,0.70,0.48,0.49,25,36,29,7,0,1,0,2,"",""
"2026-05-15T06:09:31Z",1929,4,47,0.73,0.49,0.49,25,37,30,7,0,1,0,1,"",""
"2026-05-15T06:09:36Z",1934,2,46,0.67,0.48,0.49,25,37,30,7,0,1,0,0,"",""
"2026-05-15T06:09:41Z",1939,4,54,0.77,0.50,0.50,25,38,31,7,0,1,0,1,"",""
"2026-05-15T06:09:47Z",1945,10,55,0.71,0.49,0.49,25,38,31,7,0,1,0,0,"",""
"2026-05-15T06:09:52Z",1950,8,57,0.65,0.49,0.49,25,44,37,7,0,1,0,6,"",""
"2026-05-15T06:09:57Z",1955,3,50,0.60,0.48,0.49,25,47,40,7,0,1,0,3,"",""
"2026-05-15T06:10:02Z",1960,3,46,0.55,0.47,0.48,25,44,37,7,0,1,0,-3,"",""
"2026-05-15T06:10:07Z",1965,5,53,0.51,0.46,0.48,25,44,37,7,0,1,0,0,"",""
"2026-05-15T06:10:12Z",1970,2,47,0.47,0.45,0.48,25,45,38,7,0,1,0,1,"",""
"2026-05-15T06:10:18Z",1976,2,52,0.51,0.46,0.48,25,45,38,7,0,1,0,0,"",""
"2026-05-15T06:10:23Z",1981,7,45,0.47,0.45,0.48,25,45,38,7,0,1,0,0,"",""
"2026-05-15T06:10:28Z",1986,1,45,0.43,0.45,0.48,25,45,38,7,0,1,0,0,"",""
"2026-05-15T06:10:33Z",1991,1,45,0.40,0.44,0.47,25,44,37,7,0,1,0,-1,"",""
"2026-05-15T06:10:38Z",1996,2,45,0.37,0.43,0.47,25,44,37,7,0,1,0,0,"",""
"2026-05-15T06:10:44Z",2002,2,48,0.34,0.42,0.47,25,46,39,7,0,1,0,2,"",""
"2026-05-15T06:10:49Z",2007,14,52,0.39,0.43,0.47,25,36,29,7,0,1,0,-10,"",""
"2026-05-15T06:10:54Z",2012,19,58,0.40,0.44,0.47,25,48,41,7,0,1,0,12,"",""
"2026-05-15T06:10:59Z",2017,2,50,0.37,0.43,0.47,25,48,41,7,0,1,0,0,"",""
"2026-05-15T06:11:04Z",2022,1,46,0.34,0.42,0.46,25,45,38,7,0,1,0,-3,"",""
"2026-05-15T06:11:09Z",2027,3,46,0.31,0.41,0.46,25,45,38,7,0,1,0,0,"",""
"2026-05-15T06:11:15Z",2033,3,49,0.37,0.42,0.46,25,46,39,7,0,1,0,1,"",""
"2026-05-15T06:11:20Z",2038,3,52,0.34,0.42,0.46,25,46,39,7,0,1,0,0,"",""
"2026-05-15T06:11:25Z",2043,3,46,0.31,0.41,0.46,25,45,38,7,0,1,0,-1,"",""
"2026-05-15T06:11:30Z",2048,2,45,0.29,0.40,0.45,25,46,39,7,0,1,0,1,"",""
"2026-05-15T06:11:35Z",2053,2,50,0.26,0.40,0.45,25,46,39,7,0,1,0,0,"",""
"2026-05-15T06:11:40Z",2058,1,45,0.32,0.41,0.46,25,46,39,7,0,1,0,0,"",""
"2026-05-15T06:11:46Z",2064,3,48,0.30,0.40,0.45,25,48,41,7,0,1,0,2,"",""
"2026-05-15T06:11:51Z",2069,0,45,0.27,0.39,0.45,25,48,41,7,0,1,0,0,"",""
"2026-05-15T06:11:56Z",2074,1,50,0.33,0.40,0.45,25,50,43,7,0,1,0,2,"",""
"2026-05-15T06:12:01Z",2079,6,56,0.30,0.40,0.45,25,57,50,7,0,2,0,7,"",""
"2026-05-15T06:12:06Z",2084,1,51,0.60,0.46,0.47,25,52,45,7,0,1,0,-5,"",""
"2026-05-15T06:12:12Z",2090,25,50,0.55,0.45,0.47,25,53,46,7,0,1,0,1,"",""
"2026-05-15T06:12:17Z",2095,26,59,0.51,0.44,0.46,25,51,44,7,0,1,0,-2,"",""
"2026-05-15T06:12:22Z",2100,3,51,0.47,0.43,0.46,25,51,44,7,0,1,0,0,"",""
"2026-05-15T06:12:27Z",2105,3,54,0.43,0.43,0.46,25,51,44,7,0,1,0,0,"",""
"2026-05-15T06:12:32Z",2110,1,47,0.39,0.42,0.46,25,51,44,7,0,1,0,0,"",""
"2026-05-15T06:12:37Z",2115,2,48,0.36,0.41,0.45,25,51,44,7,0,1,0,0,"",""
"2026-05-15T06:12:43Z",2121,11,55,0.33,0.40,0.45,25,52,45,7,0,1,0,1,"",""
"2026-05-15T06:12:48Z",2126,2,48,0.31,0.40,0.45,25,52,45,7,0,1,0,0,"",""
"2026-05-15T06:12:53Z",2131,27,56,0.28,0.39,0.45,25,58,51,7,0,1,0,6,"",""
"2026-05-15T06:12:58Z",2136,1,48,0.26,0.38,0.44,25,61,54,7,0,1,0,3,"",""
"2026-05-15T06:13:03Z",2141,2,46,0.24,0.38,0.44,25,58,51,7,0,1,0,-3,"",""
"2026-05-15T06:13:08Z",2146,2,50,0.22,0.37,0.44,25,58,51,7,0,1,0,0,"",""
"2026-05-15T06:13:14Z",2152,1,54,0.20,0.36,0.44,25,59,52,7,0,1,0,1,"",""
"2026-05-15T06:13:19Z",2157,1,57,0.27,0.37,0.44,25,59,52,7,0,1,0,0,"",""
"2026-05-15T06:13:24Z",2162,5,49,0.37,0.39,0.45,25,59,52,7,0,1,0,0,"",""
"2026-05-15T06:13:29Z",2167,4,46,0.34,0.39,0.44,25,59,52,7,0,1,0,0,"",""
"2026-05-15T06:13:34Z",2172,1,46,0.31,0.38,0.44,25,59,52,7,0,1,0,0,"",""
"2026-05-15T06:13:39Z",2177,3,47,0.29,0.37,0.44,25,59,52,7,0,1,0,0,"",""
"2026-05-15T06:13:45Z",2183,2,52,0.27,0.37,0.44,25,63,56,7,0,1,0,4,"",""
"2026-05-15T06:13:50Z",2188,3,46,0.24,0.36,0.43,25,63,56,7,0,1,0,0,"",""
"2026-05-15T06:13:55Z",2193,4,52,0.22,0.36,0.43,26,72,65,7,0,1,0,9,"",""
"2026-05-15T06:14:00Z",2198,3,55,0.21,0.35,0.43,26,72,65,7,0,1,0,0,"",""
"2026-05-15T06:14:05Z",2203,8,47,0.19,0.34,0.43,26,69,62,7,0,1,0,-3,"",""
"2026-05-15T06:14:11Z",2209,16,47,0.25,0.35,0.43,25,57,50,7,0,1,0,-12,"",""
"2026-05-15T06:14:16Z",2214,4,54,0.39,0.38,0.44,26,62,55,7,0,1,0,5,"",""
"2026-05-15T06:14:21Z",2219,2,46,0.36,0.38,0.44,26,62,55,7,0,1,0,0,"",""
"2026-05-15T06:14:26Z",2224,1,48,0.33,0.37,0.43,26,61,54,7,0,1,0,-1,"",""
"2026-05-15T06:14:31Z",2229,2,46,0.39,0.38,0.44,26,62,55,7,0,1,0,1,"",""
"2026-05-15T06:14:36Z",2234,1,53,0.36,0.37,0.43,26,62,55,7,0,1,0,0,"",""
"2026-05-15T06:14:42Z",2240,4,49,0.41,0.38,0.44,26,70,63,7,0,1,0,8,"",""
"2026-05-15T06:14:47Z",2245,9,52,0.37,0.38,0.44,26,71,64,7,0,1,0,1,"",""
"2026-05-15T06:14:52Z",2250,6,55,0.34,0.37,0.43,26,77,70,7,0,1,0,6,"",""
"2026-05-15T06:14:57Z",2255,2,48,0.32,0.37,0.43,26,80,73,7,0,1,0,3,"",""
"2026-05-15T06:15:02Z",2260,1,46,0.29,0.36,0.43,26,77,70,7,0,1,0,-3,"",""
"2026-05-15T06:15:07Z",2265,2,46,0.27,0.35,0.43,26,77,70,7,0,1,0,0,"",""
"2026-05-15T06:15:13Z",2271,1,52,0.25,0.35,0.42,26,77,70,7,0,1,0,0,"",""
"2026-05-15T06:15:18Z",2276,1,55,0.31,0.36,0.43,26,78,71,7,0,1,0,1,"",""
"2026-05-15T06:15:23Z",2281,2,47,0.28,0.35,0.42,26,78,71,7,0,1,0,0,"",""
"2026-05-15T06:15:28Z",2286,1,49,0.26,0.35,0.42,26,78,71,7,0,1,0,0,"",""
"2026-05-15T06:15:33Z",2291,15,56,0.32,0.36,0.43,26,78,71,7,0,2,0,0,"",""
"2026-05-15T06:15:38Z",2296,2,49,0.29,0.35,0.42,26,79,72,7,0,1,0,1,"",""
"2026-05-15T06:15:44Z",2302,1,51,0.27,0.34,0.42,26,78,71,7,0,1,0,-1,"",""
"2026-05-15T06:15:49Z",2307,14,54,0.33,0.36,0.42,26,82,75,7,0,1,0,4,"",""
"2026-05-15T06:15:54Z",2312,19,51,0.35,0.36,0.42,26,95,88,7,0,1,0,13,"",""
"2026-05-15T06:15:59Z",2317,2,46,0.32,0.35,0.42,26,95,88,7,0,1,0,0,"",""
"2026-05-15T06:16:04Z",2322,1,46,0.30,0.35,0.42,26,92,85,7,0,1,0,-3,"",""
"2026-05-15T06:16:09Z",2327,3,46,0.27,0.34,0.42,26,92,85,7,0,1,0,0,"",""
"2026-05-15T06:16:15Z",2333,11,51,0.33,0.35,0.42,26,93,86,7,0,1,0,1,"",""
"2026-05-15T06:16:20Z",2338,2,46,0.30,0.35,0.42,26,93,86,7,0,1,0,0,"",""
"2026-05-15T06:16:25Z",2343,1,46,0.28,0.34,0.42,26,92,85,7,0,1,0,-1,"",""
"2026-05-15T06:16:30Z",2348,3,46,0.26,0.33,0.41,26,93,86,7,0,1,0,1,"",""
"2026-05-15T06:16:35Z",2353,2,46,0.24,0.33,0.41,26,93,86,7,0,1,0,0,"",""
"2026-05-15T06:16:40Z",2358,2,46,0.22,0.32,0.41,26,92,85,7,0,1,0,-1,"",""
"2026-05-15T06:16:46Z",2364,6,52,0.20,0.32,0.41,26,94,87,7,0,1,0,2,"",""
"2026-05-15T06:16:51Z",2369,1,46,0.18,0.31,0.40,26,94,87,7,0,1,0,0,"",""
"2026-05-15T06:16:56Z",2374,2,52,0.17,0.31,0.40,26,103,96,7,0,1,0,9,"",""
"2026-05-15T06:17:01Z",2379,3,47,0.16,0.30,0.40,26,100,93,7,0,1,0,-3,"",""
"2026-05-15T06:17:06Z",2384,3,46,0.14,0.30,0.40,26,100,93,7,0,1,0,0,"",""
"2026-05-15T06:17:11Z",2389,18,55,0.13,0.29,0.39,26,105,96,9,0,1,0,5,"",""
"2026-05-15T06:17:17Z",2395,4,56,0.12,0.29,0.39,26,104,97,7,0,1,0,-1,"",""
"2026-05-15T06:17:22Z",2400,2,48,0.11,0.28,0.39,26,100,93,7,0,1,0,-4,"",""
"2026-05-15T06:17:27Z",2405,3,47,0.10,0.28,0.39,26,101,94,7,0,1,0,1,"",""
"2026-05-15T06:17:32Z",2410,2,47,0.09,0.27,0.38,26,101,94,7,0,1,0,0,"",""
"2026-05-15T06:17:37Z",2415,4,47,0.08,0.27,0.38,26,101,94,7,0,1,0,0,"",""
"2026-05-15T06:17:42Z",2420,4,55,0.08,0.26,0.38,26,102,95,7,0,1,0,1,"",""
"2026-05-15T06:17:48Z",2426,4,57,0.07,0.26,0.38,26,103,96,7,0,1,0,1,"",""
"2026-05-15T06:17:53Z",2431,33,52,0.07,0.25,0.37,26,112,105,7,0,1,0,9,"","cpu_spike:33pct"
"2026-05-15T06:17:58Z",2436,3,47,0.06,0.25,0.37,26,112,105,7,0,1,0,0,"",""
"2026-05-15T06:18:03Z",2441,4,51,0.06,0.24,0.37,26,109,102,7,0,1,0,-3,"",""
"2026-05-15T06:18:08Z",2446,4,47,0.13,0.26,0.37,26,109,102,7,0,1,0,0,"",""
"2026-05-15T06:18:13Z",2451,2,53,0.12,0.25,0.37,26,109,102,7,0,1,0,0,"",""
"2026-05-15T06:18:19Z",2457,2,47,0.11,0.25,0.37,26,110,103,7,0,1,0,1,"",""
"2026-05-15T06:18:24Z",2462,2,53,0.10,0.24,0.37,26,109,102,7,0,1,0,-1,"",""
"2026-05-15T06:18:29Z",2467,4,47,0.09,0.23,0.36,26,109,102,7,0,1,0,0,"",""
"2026-05-15T06:18:34Z",2472,0,47,0.08,0.23,0.36,26,110,103,7,0,1,0,1,"",""
"2026-05-15T06:18:39Z",2477,3,47,0.07,0.23,0.36,26,109,102,7,0,1,0,-1,"",""
"2026-05-15T06:18:44Z",2482,1,51,0.07,0.22,0.36,26,87,80,7,0,1,0,-22,"",""
"2026-05-15T06:18:50Z",2488,3,53,0.06,0.22,0.35,26,88,81,7,0,1,0,1,"",""
"2026-05-15T06:18:55Z",2493,1,55,0.06,0.22,0.35,26,97,90,7,0,1,0,9,"",""
"2026-05-15T06:19:00Z",2498,2,48,0.05,0.21,0.35,26,97,90,7,0,1,0,0,"",""
"2026-05-15T06:19:05Z",2503,2,47,0.05,0.21,0.35,26,94,87,7,0,1,0,-3,"",""
"2026-05-15T06:19:10Z",2508,1,47,0.04,0.20,0.35,26,94,87,7,0,1,0,0,"",""
"2026-05-15T06:19:16Z",2514,15,52,0.12,0.22,0.35,26,97,90,7,0,2,0,3,"",""
"2026-05-15T06:19:21Z",2519,15,49,0.19,0.23,0.35,26,104,97,7,0,2,0,7,"",""
"2026-05-15T06:19:26Z",2524,1,51,0.17,0.23,0.35,27,108,101,7,0,1,0,4,"",""
"2026-05-15T06:19:31Z",2529,3,47,0.16,0.22,0.35,27,108,101,7,0,1,0,0,"",""
"2026-05-15T06:19:36Z",2534,1,47,0.15,0.22,0.35,27,107,100,7,0,1,0,-1,"",""
"2026-05-15T06:19:41Z",2539,3,47,0.14,0.21,0.35,27,108,101,7,0,1,0,1,"",""
"2026-05-15T06:19:47Z",2545,7,57,0.20,0.23,0.35,27,108,101,7,0,1,0,0,"",""
"2026-05-15T06:19:52Z",2550,7,49,0.27,0.24,0.35,27,114,107,7,0,1,0,6,"",""
"2026-05-15T06:19:57Z",2555,1,51,0.25,0.24,0.35,27,118,111,7,0,1,0,4,"",""
"2026-05-15T06:20:02Z",2560,2,47,0.23,0.23,0.35,27,115,108,7,0,1,0,-3,"",""
"2026-05-15T06:20:07Z",2565,3,47,0.29,0.25,0.35,27,115,108,7,0,1,0,0,"",""
"2026-05-15T06:20:12Z",2570,6,47,0.27,0.24,0.35,27,115,108,7,0,1,0,0,"",""
"2026-05-15T06:20:18Z",2576,9,56,0.24,0.24,0.35,27,116,109,7,0,1,0,1,"",""
"2026-05-15T06:20:23Z",2581,3,48,0.22,0.23,0.35,27,115,108,7,0,1,0,-1,"",""
"2026-05-15T06:20:28Z",2586,2,47,0.21,0.23,0.35,27,115,108,7,0,1,0,0,"",""
"2026-05-15T06:20:33Z",2591,2,47,0.19,0.22,0.34,27,116,109,7,0,1,0,1,"",""
"2026-05-15T06:20:38Z",2596,1,47,0.17,0.22,0.34,27,116,109,7,0,1,0,0,"",""
"2026-05-15T06:20:43Z",2601,2,47,0.16,0.22,0.34,27,117,110,7,0,1,0,1,"",""
"2026-05-15T06:20:49Z",2607,19,54,0.15,0.21,0.34,27,121,114,7,0,1,0,4,"",""
"2026-05-15T06:20:54Z",2612,8,58,0.21,0.23,0.34,27,133,126,7,0,1,0,12,"",""
"2026-05-15T06:20:59Z",2617,2,50,0.26,0.23,0.34,27,133,126,7,0,1,0,0,"",""
"2026-05-15T06:21:04Z",2622,1,48,0.23,0.23,0.34,27,130,123,7,0,1,0,-3,"",""
"2026-05-15T06:21:09Z",2627,4,48,0.22,0.23,0.34,27,130,123,7,0,1,0,0,"",""
"2026-05-15T06:21:15Z",2633,2,53,0.20,0.22,0.34,27,130,123,7,0,1,0,0,"",""
"2026-05-15T06:21:20Z",2638,2,57,0.18,0.22,0.34,27,131,124,7,0,1,0,1,"",""
"2026-05-15T06:21:25Z",2643,2,48,0.33,0.25,0.35,27,131,124,7,0,1,0,0,"",""
"2026-05-15T06:21:30Z",2648,3,48,0.30,0.24,0.34,27,131,124,7,0,1,0,0,"",""
"2026-05-15T06:21:35Z",2653,3,47,0.28,0.24,0.34,27,130,123,7,0,1,0,-1,"",""
"2026-05-15T06:21:40Z",2658,2,47,0.25,0.24,0.34,27,131,124,7,0,1,0,1,"",""
"2026-05-15T06:21:46Z",2664,3,48,0.23,0.23,0.34,27,131,124,7,0,1,0,0,"",""
"2026-05-15T06:21:51Z",2669,2,54,0.22,0.23,0.34,27,131,124,7,0,1,0,0,"",""
"2026-05-15T06:21:56Z",2674,4,48,0.20,0.22,0.33,27,141,134,7,0,1,0,10,"",""
"2026-05-15T06:22:01Z",2679,3,48,0.18,0.22,0.33,27,138,131,7,0,1,0,-3,"",""
"2026-05-15T06:22:06Z",2684,2,48,0.17,0.22,0.33,27,138,131,7,0,1,0,0,"",""
"2026-05-15T06:22:11Z",2689,3,48,0.15,0.21,0.33,27,138,131,7,0,1,0,0,"",""
"2026-05-15T06:22:17Z",2695,6,51,0.14,0.21,0.33,27,137,130,7,0,1,0,-1,"",""
"2026-05-15T06:22:22Z",2700,3,53,0.13,0.20,0.32,27,139,132,7,0,1,0,2,"",""
"2026-05-15T06:22:27Z",2705,1,48,0.12,0.20,0.32,27,139,132,7,0,1,0,0,"",""
"2026-05-15T06:22:32Z",2710,2,55,0.11,0.20,0.32,27,139,132,7,0,1,0,0,"",""
"2026-05-15T06:22:37Z",2715,1,48,0.10,0.19,0.32,27,139,132,7,0,1,0,0,"",""
"2026-05-15T06:22:43Z",2721,5,57,0.09,0.19,0.32,27,139,132,7,0,1,0,0,"",""
"2026-05-15T06:22:48Z",2726,2,50,0.08,0.19,0.31,27,139,132,7,0,1,0,0,"",""
"2026-05-15T06:22:53Z",2731,28,54,0.08,0.18,0.31,27,147,140,7,0,1,0,8,"",""
"2026-05-15T06:22:58Z",2736,2,48,0.07,0.18,0.31,27,149,142,7,0,1,0,2,"",""
"2026-05-15T06:23:03Z",2741,3,47,0.06,0.18,0.31,27,146,139,7,0,1,0,-3,"",""
"2026-05-15T06:23:09Z",2747,2,47,0.06,0.17,0.31,27,146,139,7,0,1,0,0,"",""
"2026-05-15T06:23:14Z",2752,3,55,0.05,0.17,0.30,27,146,139,7,0,1,0,0,"",""
"2026-05-15T06:23:19Z",2757,4,58,0.29,0.22,0.32,27,146,139,7,0,1,0,0,"",""
"2026-05-15T06:23:24Z",2762,3,50,0.27,0.21,0.32,27,147,140,7,0,1,0,1,"",""
"2026-05-15T06:23:29Z",2767,3,47,0.23,0.21,0.31,27,146,139,7,0,1,0,-1,"",""
"2026-05-15T06:23:34Z",2772,1,47,0.21,0.20,0.31,27,147,140,7,0,1,0,1,"",""
"2026-05-15T06:23:40Z",2778,5,47,0.19,0.20,0.31,27,148,141,7,0,1,0,1,"",""
"2026-05-15T06:23:45Z",2783,1,54,0.17,0.20,0.31,27,150,143,7,0,1,0,2,"",""
"2026-05-15T06:23:50Z",2788,7,56,0.16,0.19,0.31,27,151,144,7,0,1,0,1,"",""
"2026-05-15T06:23:55Z",2793,1,49,0.15,0.19,0.30,27,161,154,7,0,1,0,10,"",""
"2026-05-15T06:24:00Z",2798,2,47,0.14,0.18,0.30,27,160,153,7,0,1,0,-1,"",""
"2026-05-15T06:24:05Z",2803,2,47,0.20,0.20,0.31,27,158,151,7,0,1,0,-2,"",""
"2026-05-15T06:24:11Z",2809,1,47,0.19,0.20,0.30,27,158,151,7,0,1,0,0,"",""
"2026-05-15T06:24:16Z",2814,2,47,0.17,0.19,0.30,27,158,151,7,0,1,0,0,"",""
"2026-05-15T06:24:21Z",2819,6,56,0.24,0.21,0.31,27,159,152,7,0,1,0,1,"",""
"2026-05-15T06:24:26Z",2824,14,49,0.30,0.22,0.31,27,121,114,7,0,1,0,-38,"",""
"2026-05-15T06:24:31Z",2829,7,57,0.36,0.23,0.31,27,128,121,7,0,1,0,7,"",""
"2026-05-15T06:24:37Z",2835,0,49,0.33,0.23,0.31,27,128,121,7,0,1,0,0,"",""
"2026-05-15T06:24:42Z",2840,1,48,0.30,0.22,0.31,27,128,121,7,0,1,0,0,"",""
"2026-05-15T06:24:47Z",2845,5,51,0.28,0.22,0.31,27,128,121,7,0,1,0,0,"",""
"2026-05-15T06:24:52Z",2850,8,55,0.25,0.22,0.31,27,134,127,7,0,1,0,6,"",""
"2026-05-15T06:24:57Z",2855,0,48,0.23,0.21,0.30,27,138,131,7,0,1,0,4,"",""
"2026-05-15T06:25:02Z",2860,2,48,0.21,0.21,0.30,27,135,128,7,0,1,0,-3,"",""
"2026-05-15T06:25:08Z",2866,2,47,0.20,0.20,0.30,27,135,128,7,0,1,0,0,"",""
"2026-05-15T06:25:13Z",2871,1,47,0.34,0.24,0.31,27,134,127,7,0,1,0,-1,"",""
"2026-05-15T06:25:18Z",2876,2,50,0.31,0.23,0.31,27,134,127,7,0,1,0,0,"",""
"2026-05-15T06:25:23Z",2881,2,54,0.37,0.24,0.31,27,136,129,7,0,1,0,2,"",""
"2026-05-15T06:25:28Z",2886,1,47,0.34,0.24,0.31,27,136,129,7,0,1,0,0,"",""
"2026-05-15T06:25:34Z",2892,15,55,0.31,0.24,0.31,27,137,130,7,0,1,0,1,"",""
"2026-05-15T06:25:39Z",2897,3,48,0.37,0.25,0.31,27,137,130,7,0,1,0,0,"",""
"2026-05-15T06:25:44Z",2902,10,56,0.42,0.26,0.31,27,137,130,7,0,1,0,0,"",""
"2026-05-15T06:25:49Z",2907,15,50,0.38,0.26,0.31,27,140,133,7,0,2,0,3,"",""
"2026-05-15T06:25:54Z",2912,9,55,0.51,0.29,0.32,27,153,146,7,0,1,0,13,"",""
"2026-05-15T06:25:59Z",2917,3,48,0.47,0.28,0.32,27,153,146,7,0,1,0,0,"",""
"2026-05-15T06:26:05Z",2923,3,49,0.47,0.29,0.32,27,150,143,7,0,1,0,-3,"",""
"2026-05-15T06:26:10Z",2928,5,47,0.52,0.30,0.33,27,150,143,7,0,1,0,0,"",""
"2026-05-15T06:26:15Z",2933,3,47,0.47,0.29,0.32,27,150,143,7,0,1,0,0,"",""
"2026-05-15T06:26:20Z",2938,4,47,0.44,0.29,0.32,27,149,142,7,0,1,0,-1,"",""
"2026-05-15T06:26:25Z",2943,2,51,0.40,0.28,0.32,27,151,144,7,0,1,0,2,"",""
"2026-05-15T06:26:30Z",2948,3,47,0.37,0.28,0.32,27,151,144,7,0,1,0,0,"",""
"2026-05-15T06:26:36Z",2954,2,47,0.34,0.27,0.32,27,151,144,7,0,1,0,0,"",""
"2026-05-15T06:26:41Z",2959,1,47,0.31,0.27,0.31,27,152,145,7,0,1,0,1,"",""
"2026-05-15T06:26:46Z",2964,2,53,0.37,0.28,0.32,27,151,144,7,0,1,0,-1,"",""
"2026-05-15T06:26:51Z",2969,2,56,0.34,0.28,0.32,27,152,145,7,0,1,0,1,"",""
"2026-05-15T06:26:56Z",2974,3,50,0.31,0.27,0.31,27,162,155,7,0,1,0,10,"",""
"2026-05-15T06:27:01Z",2979,2,47,0.37,0.28,0.32,27,158,151,7,0,1,0,-4,"",""
"2026-05-15T06:27:07Z",2985,0,47,0.34,0.28,0.32,27,159,152,7,0,1,0,1,"",""
"2026-05-15T06:27:12Z",2990,13,50,0.39,0.29,0.32,27,159,152,7,0,1,0,0,"",""
"2026-05-15T06:27:17Z",2995,16,51,0.36,0.29,0.32,27,159,152,7,0,1,0,0,"",""
"2026-05-15T06:27:22Z",3000,6,58,0.33,0.28,0.32,27,159,152,7,0,1,0,0,"",""
"2026-05-15T06:27:27Z",3005,0,50,0.30,0.28,0.31,27,160,153,7,0,1,0,1,"",""
"2026-05-15T06:27:32Z",3010,11,56,0.36,0.29,0.32,23,7,0,7,0,1,1,-153,"WATCHDOG_FIRE","drop:153,from:160,cycle_sec:1143"
"2026-05-15T06:27:38Z",3016,14,60,0.41,0.30,0.32,23,7,0,7,0,2,1,0,"",""
"2026-05-15T06:27:43Z",3021,21,57,0.46,0.31,0.33,24,26,20,6,0,3,0,19,"",""
"2026-05-15T06:27:48Z",3026,22,59,0.58,0.34,0.33,24,28,23,5,0,4,0,2,"",""
"2026-05-15T06:27:53Z",3031,49,58,0.70,0.37,0.34,25,38,32,6,0,2,0,10,"","cpu_spike:49pct"
"2026-05-15T06:27:58Z",3036,11,54,0.72,0.38,0.35,25,45,38,7,0,1,0,7,"",""
"2026-05-15T06:28:03Z",3041,1,49,0.74,0.39,0.35,25,43,36,7,0,1,0,-2,"",""
"2026-05-15T06:28:09Z",3047,1,49,0.76,0.40,0.36,25,43,36,7,0,1,0,0,"",""
"2026-05-15T06:28:14Z",3052,1,55,0.70,0.39,0.35,25,43,36,7,0,1,0,0,"",""
"2026-05-15T06:28:19Z",3057,1,48,0.64,0.39,0.35,25,43,36,7,0,1,0,0,"",""
"2026-05-15T06:28:24Z",3062,6,55,0.59,0.38,0.35,25,44,37,7,0,1,0,1,"",""
"2026-05-15T06:28:29Z",3067,3,59,0.55,0.37,0.35,25,47,40,7,0,1,0,3,"",""
"2026-05-15T06:28:34Z",3072,2,51,0.50,0.37,0.35,25,46,39,7,0,1,0,-1,"",""
"2026-05-15T06:28:40Z",3078,3,48,0.57,0.39,0.35,25,46,39,7,0,1,0,0,"",""
"2026-05-15T06:28:45Z",3083,1,52,0.53,0.38,0.35,25,48,41,7,0,1,0,2,"",""
"2026-05-15T06:28:50Z",3088,3,47,0.48,0.38,0.35,25,48,41,7,0,1,0,0,"",""
"2026-05-15T06:28:55Z",3093,1,50,0.44,0.37,0.35,25,53,46,7,0,1,0,5,"",""
"2026-05-15T06:29:00Z",3098,2,54,0.41,0.36,0.35,25,56,49,7,0,1,0,3,"",""
"2026-05-15T06:29:05Z",3103,2,47,0.54,0.39,0.35,25,53,46,7,0,1,0,-3,"",""
"2026-05-15T06:29:11Z",3109,1,50,0.57,0.40,0.36,25,53,46,7,0,1,0,0,"",""
"2026-05-15T06:29:16Z",3114,1,53,0.53,0.39,0.36,25,55,48,7,0,1,0,2,"",""
"2026-05-15T06:29:21Z",3119,1,47,0.48,0.39,0.35,25,55,48,7,0,1,0,0,"",""
"2026-05-15T06:29:26Z",3124,3,51,0.45,0.38,0.35,25,55,48,7,0,1,0,0,"",""
"2026-05-15T06:29:31Z",3129,19,55,0.41,0.37,0.35,25,60,53,7,0,2,0,5,"",""
"2026-05-15T06:29:36Z",3134,14,47,0.46,0.38,0.35,25,49,42,7,0,1,0,-11,"",""
"2026-05-15T06:29:42Z",3140,3,53,0.50,0.39,0.36,25,45,38,7,0,1,0,-4,"",""
"2026-05-15T06:29:47Z",3145,9,48,0.46,0.39,0.36,25,46,39,7,0,1,0,1,"",""
"2026-05-15T06:29:52Z",3150,7,47,0.42,0.38,0.35,25,52,45,7,0,1,0,6,"",""
"2026-05-15T06:29:57Z",3155,2,50,0.39,0.37,0.35,25,52,45,7,0,1,0,0,"",""
"2026-05-15T06:30:02Z",3160,5,46,0.36,0.37,0.35,25,47,40,7,0,1,0,-5,"",""
"2026-05-15T06:30:08Z",3166,3,46,0.33,0.36,0.35,25,47,40,7,0,1,0,0,"",""
"2026-05-15T06:30:13Z",3171,3,46,0.30,0.36,0.35,25,49,42,7,0,1,0,2,"",""
"2026-05-15T06:30:18Z",3176,1,58,0.28,0.35,0.35,25,50,43,7,0,1,0,1,"",""
"2026-05-15T06:30:23Z",3181,1,50,0.26,0.34,0.34,25,49,42,7,0,1,0,-1,"",""
"2026-05-15T06:30:28Z",3186,1,52,0.24,0.34,0.34,25,49,42,7,0,1,0,0,"",""
"2026-05-15T06:30:33Z",3191,0,46,0.22,0.33,0.34,25,50,43,7,0,1,0,1,"",""
"2026-05-15T06:30:39Z",3197,2,45,0.20,0.33,0.34,25,50,43,7,0,1,0,0,"",""
"2026-05-15T06:30:44Z",3202,6,58,0.18,0.32,0.34,25,51,44,7,0,1,0,1,"",""
"2026-05-15T06:30:49Z",3207,14,51,0.17,0.31,0.33,25,54,47,7,0,2,0,3,"",""
"2026-05-15T06:30:54Z",3212,10,55,0.15,0.31,0.33,25,53,46,7,0,1,0,-1,"",""
"2026-05-15T06:30:59Z",3217,1,47,0.14,0.30,0.33,25,53,46,7,0,1,0,0,"",""
"2026-05-15T06:31:05Z",3223,2,46,0.13,0.30,0.33,25,50,43,7,0,1,0,-3,"",""
"2026-05-15T06:31:10Z",3228,1,45,0.18,0.30,0.33,25,50,43,7,0,1,0,0,"",""
"2026-05-15T06:31:15Z",3233,5,55,0.25,0.32,0.33,25,51,44,7,0,1,0,1,"",""
"2026-05-15T06:31:20Z",3238,2,47,0.23,0.31,0.33,25,51,44,7,0,1,0,0,"",""
"2026-05-15T06:31:25Z",3243,1,53,0.21,0.31,0.33,25,49,42,7,0,1,0,-2,"",""
"2026-05-15T06:31:30Z",3248,2,46,0.19,0.30,0.33,25,49,42,7,0,1,0,0,"",""
"2026-05-15T06:31:36Z",3254,1,45,0.18,0.29,0.33,25,51,44,7,0,1,0,2,"",""
"2026-05-15T06:31:41Z",3259,3,45,0.16,0.29,0.32,25,51,44,7,0,1,0,0,"",""
"2026-05-15T06:31:46Z",3264,2,53,0.15,0.28,0.32,25,50,43,7,0,1,0,-1,"",""
"2026-05-15T06:31:51Z",3269,5,46,0.22,0.30,0.33,25,35,28,7,0,3,0,-15,"",""
"2026-05-15T06:31:56Z",3274,2,50,0.20,0.29,0.32,25,42,35,7,0,1,0,7,"",""
"2026-05-15T06:32:01Z",3279,2,46,0.18,0.29,0.32,25,39,32,7,0,1,0,-3,"",""
"2026-05-15T06:32:07Z",3285,2,46,0.17,0.28,0.32,25,39,32,7,0,1,0,0,"",""
"2026-05-15T06:32:12Z",3290,1,46,0.16,0.28,0.32,25,38,31,7,0,1,0,-1,"",""
"2026-05-15T06:32:17Z",3295,11,53,0.30,0.31,0.33,25,39,32,7,0,1,0,1,"",""
"2026-05-15T06:32:22Z",3300,8,46,0.28,0.30,0.33,25,40,33,7,0,1,0,1,"",""
"2026-05-15T06:32:27Z",3305,8,52,0.42,0.33,0.33,25,40,33,7,0,1,0,0,"",""
"2026-05-15T06:32:32Z",3310,3,46,0.38,0.32,0.33,25,40,33,7,0,1,0,0,"",""
"2026-05-15T06:32:38Z",3316,0,54,0.35,0.32,0.33,25,40,33,7,0,1,0,0,"",""
"2026-05-15T06:32:43Z",3321,8,47,0.32,0.31,0.33,25,40,33,7,0,1,0,0,"",""
"2026-05-15T06:32:48Z",3326,2,52,0.30,0.31,0.33,25,42,35,7,0,1,0,2,"",""
"2026-05-15T06:32:53Z",3331,27,55,0.27,0.30,0.32,25,53,46,7,0,1,0,11,"",""
"2026-05-15T06:32:58Z",3336,2,47,0.33,0.31,0.33,25,53,46,7,0,1,0,0,"",""
"2026-05-15T06:33:04Z",3342,0,46,0.31,0.31,0.33,25,49,42,7,0,1,0,-4,"",""
"2026-05-15T06:33:09Z",3347,4,46,0.28,0.30,0.32,25,49,42,7,0,1,0,0,"",""
"2026-05-15T06:33:14Z",3352,1,46,0.26,0.30,0.32,25,49,42,7,0,1,0,0,"",""
"2026-05-15T06:33:19Z",3357,1,52,0.24,0.29,0.32,25,50,43,7,0,1,0,1,"",""
"2026-05-15T06:33:24Z",3362,2,47,0.38,0.32,0.33,25,51,44,7,0,1,0,1,"",""
"2026-05-15T06:33:29Z",3367,1,51,0.59,0.37,0.34,25,51,44,7,0,1,0,0,"",""
"2026-05-15T06:33:35Z",3373,2,47,0.54,0.36,0.34,25,50,43,7,0,1,0,-1,"",""
"2026-05-15T06:33:40Z",3378,6,47,0.50,0.35,0.34,25,50,43,7,0,1,0,0,"",""
"2026-05-15T06:33:45Z",3383,3,47,0.65,0.39,0.35,25,51,44,7,0,1,0,1,"",""
"2026-05-15T06:33:50Z",3388,7,62,0.60,0.38,0.35,25,52,45,7,0,1,0,1,"",""
"2026-05-15T06:33:55Z",3393,19,56,0.63,0.39,0.36,26,62,55,7,0,1,0,10,"",""
"2026-05-15T06:34:00Z",3398,28,63,0.82,0.44,0.37,26,62,55,7,0,1,0,0,"",""
"2026-05-15T06:34:06Z",3404,16,64,0.83,0.45,0.37,26,58,51,7,0,1,0,-4,"",""
"2026-05-15T06:34:11Z",3409,5,58,0.85,0.46,0.38,25,58,51,7,0,1,0,0,"",""
"2026-05-15T06:34:16Z",3414,3,50,0.78,0.45,0.37,25,58,51,7,0,1,0,0,"",""
"2026-05-15T06:34:22Z",3420,1,48,0.72,0.44,0.37,25,59,52,7,0,1,0,1,"",""
"2026-05-15T06:34:27Z",3425,7,55,0.74,0.45,0.38,25,60,53,7,0,1,0,1,"",""
"2026-05-15T06:34:32Z",3430,4,57,0.68,0.44,0.37,25,60,53,7,0,1,0,0,"",""
"2026-05-15T06:34:37Z",3435,1,49,0.71,0.45,0.38,25,60,53,7,0,1,0,0,"",""
"2026-05-15T06:34:42Z",3440,15,48,0.73,0.46,0.38,25,65,58,7,0,1,0,5,"",""
"2026-05-15T06:34:47Z",3445,27,59,0.91,0.50,0.39,26,73,66,7,0,1,0,8,"",""
"2026-05-15T06:34:53Z",3451,21,52,0.92,0.51,0.40,26,80,73,7,0,1,0,7,"",""
"2026-05-15T06:34:58Z",3456,1,56,0.93,0.52,0.40,26,83,76,7,0,1,0,3,"",""
"2026-05-15T06:35:03Z",3461,2,48,0.85,0.51,0.40,26,79,72,7,0,1,0,-4,"",""
"2026-05-15T06:35:08Z",3466,1,47,0.94,0.54,0.41,26,79,72,7,0,1,0,0,"",""
"2026-05-15T06:35:13Z",3471,1,47,0.87,0.53,0.41,26,79,72,7,0,1,0,0,"",""
"2026-05-15T06:35:18Z",3476,4,55,0.80,0.52,0.40,26,80,73,7,0,1,0,1,"",""
"2026-05-15T06:35:24Z",3482,1,48,0.81,0.53,0.41,26,81,74,7,0,1,0,1,"",""
"2026-05-15T06:35:29Z",3487,3,54,0.83,0.54,0.41,26,81,74,7,0,1,0,0,"",""
"2026-05-15T06:35:34Z",3492,10,57,0.76,0.53,0.41,26,82,75,7,0,1,0,1,"",""
"2026-05-15T06:35:39Z",3497,2,49,0.70,0.52,0.40,26,82,75,7,0,1,0,0,"",""
"2026-05-15T06:35:44Z",3502,2,47,0.64,0.51,0.40,26,80,73,7,0,1,0,-2,"",""
"2026-05-15T06:35:49Z",3507,14,53,0.59,0.50,0.40,26,73,66,7,0,1,0,-7,"",""
"2026-05-15T06:35:55Z",3513,1,56,0.63,0.51,0.40,26,86,79,7,0,1,0,13,"",""
"2026-05-15T06:36:00Z",3518,1,49,0.58,0.50,0.40,26,86,79,7,0,1,0,0,"",""
"2026-05-15T06:36:05Z",3523,2,47,0.49,0.48,0.40,26,83,76,7,0,1,0,-3,"",""
"2026-05-15T06:36:10Z",3528,1,47,0.45,0.47,0.39,26,83,76,7,0,1,0,0,"",""
"2026-05-15T06:36:15Z",3533,0,47,0.41,0.47,0.39,26,81,74,7,0,1,0,-2,"",""
"2026-05-15T06:36:20Z",3538,2,52,0.38,0.46,0.39,26,82,75,7,0,1,0,1,"",""
"2026-05-15T06:36:26Z",3544,5,56,0.43,0.47,0.39,26,84,77,7,0,1,0,2,"",""
"2026-05-15T06:36:31Z",3549,1,49,0.47,0.48,0.40,26,84,77,7,0,1,0,0,"",""
"2026-05-15T06:36:36Z",3554,1,47,0.60,0.50,0.40,26,84,77,7,0,1,0,0,"",""
"2026-05-15T06:36:41Z",3559,2,47,0.63,0.51,0.41,26,85,78,7,0,1,0,1,"",""
"2026-05-15T06:36:46Z",3564,3,56,0.58,0.50,0.41,26,84,77,7,0,1,0,-1,"",""
"2026-05-15T06:36:51Z",3569,5,49,0.61,0.51,0.41,26,91,84,7,0,1,0,7,"",""
"2026-05-15T06:36:57Z",3575,2,52,0.64,0.52,0.41,26,95,88,7,0,1,0,4,"",""
"2026-05-15T06:37:02Z",3580,2,47,0.75,0.54,0.42,26,92,85,7,0,1,0,-3,"",""
"2026-05-15T06:37:07Z",3585,1,47,0.69,0.53,0.42,26,92,85,7,0,1,0,0,"",""
"2026-05-15T06:37:12Z",3590,4,55,0.64,0.52,0.42,26,91,84,7,0,1,0,-1,"",""
"2026-05-15T06:37:17Z",3595,7,57,0.67,0.53,0.42,26,91,84,7,0,1,0,0,"",""
"2026-05-15T06:37:22Z",3600,4,50,0.61,0.52,0.42,26,93,86,7,0,1,0,2,"",""
"2026-05-15T06:37:28Z",3606,1,53,0.56,0.52,0.41,26,93,86,7,0,1,0,0,"",""
"2026-05-15T06:37:33Z",3611,3,47,0.52,0.51,0.41,26,92,85,7,0,1,0,-1,"",""
"2026-05-15T06:37:38Z",3616,2,47,0.48,0.50,0.41,26,92,85,7,0,1,0,0,"",""
"2026-05-15T06:37:43Z",3621,5,47,0.44,0.49,0.41,26,94,87,7,0,1,0,2,"",""
"2026-05-15T06:37:48Z",3626,4,53,0.40,0.48,0.40,26,95,88,7,0,1,0,1,"",""
"2026-05-15T06:37:53Z",3631,26,57,0.37,0.47,0.40,26,106,99,7,0,1,0,11,"",""
"2026-05-15T06:37:59Z",3637,7,50,0.34,0.46,0.40,26,106,99,7,0,1,0,0,"",""
"2026-05-15T06:38:04Z",3642,2,47,0.31,0.46,0.40,26,102,95,7,0,1,0,-4,"",""
"2026-05-15T06:38:09Z",3647,4,47,0.29,0.45,0.39,26,102,95,7,0,1,0,0,"",""
"2026-05-15T06:38:14Z",3652,3,47,0.26,0.44,0.39,26,103,96,7,0,1,0,1,"",""
"2026-05-15T06:38:19Z",3657,3,53,0.32,0.45,0.40,26,103,96,7,0,1,0,0,"",""
"2026-05-15T06:38:24Z",3662,2,47,0.38,0.46,0.40,26,102,95,7,0,1,0,-1,"",""
"2026-05-15T06:38:30Z",3668,2,50,0.35,0.45,0.40,26,102,95,7,0,1,0,0,"",""
"2026-05-15T06:38:35Z",3673,2,47,0.37,0.45,0.40,26,104,97,7,0,1,0,2,"",""
"2026-05-15T06:38:40Z",3678,1,47,0.34,0.45,0.40,26,104,97,7,0,1,0,0,"",""
"2026-05-15T06:38:45Z",3683,1,47,0.31,0.44,0.39,26,103,96,7,0,1,0,-1,"",""
"2026-05-15T06:38:50Z",3688,6,52,0.37,0.45,0.40,26,104,97,7,0,1,0,1,"",""
"2026-05-15T06:38:55Z",3693,1,55,0.34,0.44,0.39,26,114,107,7,0,1,0,10,"",""
"2026-05-15T06:39:01Z",3699,2,57,0.31,0.43,0.39,26,114,107,7,0,1,0,0,"",""
"2026-05-15T06:39:06Z",3704,0,49,0.28,0.43,0.39,26,111,104,7,0,1,0,-3,"",""
"2026-05-15T06:39:11Z",3709,2,47,0.26,0.42,0.39,26,111,104,7,0,1,0,0,"",""
"2026-05-15T06:39:16Z",3714,6,56,0.24,0.41,0.38,26,110,103,7,0,1,0,-1,"",""
"2026-05-15T06:39:21Z",3719,1,58,0.30,0.42,0.39,26,111,104,7,0,1,0,1,"",""
"2026-05-15T06:39:27Z",3725,6,50,0.28,0.41,0.39,26,112,105,7,0,1,0,1,"",""
"2026-05-15T06:39:32Z",3730,3,53,0.25,0.41,0.38,26,112,105,7,0,1,0,0,"",""
"2026-05-15T06:39:37Z",3735,2,46,0.23,0.40,0.38,26,112,105,7,0,1,0,0,"",""
"2026-05-15T06:39:42Z",3740,3,46,0.62,0.48,0.41,26,112,105,7,0,1,0,0,"",""
"2026-05-15T06:39:47Z",3745,7,54,0.57,0.47,0.40,26,114,107,7,0,1,0,2,"",""
"2026-05-15T06:39:52Z",3750,33,49,0.68,0.49,0.41,26,94,87,7,0,1,0,-20,"","cpu_spike:33pct"
"2026-05-15T06:39:58Z",3756,1,55,1.27,0.62,0.45,26,101,94,7,0,1,0,7,"",""
"2026-05-15T06:40:03Z",3761,3,47,1.17,0.61,0.45,26,97,90,7,0,1,0,-4,"",""
"2026-05-15T06:40:08Z",3766,4,55,1.07,0.60,0.45,26,97,90,7,0,1,0,0,"",""
"2026-05-15T06:40:13Z",3771,1,47,0.99,0.59,0.45,26,97,90,7,0,1,0,0,"",""
"2026-05-15T06:40:18Z",3776,5,47,0.91,0.58,0.44,26,97,90,7,0,1,0,0,"",""
"2026-05-15T06:40:24Z",3782,2,52,0.92,0.58,0.45,26,98,91,7,0,1,0,1,"",""
"2026-05-15T06:40:29Z",3787,2,46,0.84,0.58,0.44,26,98,91,7,0,1,0,0,"",""
"2026-05-15T06:40:34Z",3792,1,50,0.85,0.58,0.45,26,98,91,7,0,1,0,0,"",""
"2026-05-15T06:40:39Z",3797,2,46,0.79,0.57,0.44,26,98,91,7,0,1,0,0,"",""
"2026-05-15T06:40:44Z",3802,2,46,0.72,0.56,0.44,26,99,92,7,0,1,0,1,"",""
"2026-05-15T06:40:49Z",3807,14,51,0.66,0.55,0.44,26,102,95,7,0,2,0,3,"",""
"2026-05-15T06:40:55Z",3813,2,56,0.69,0.56,0.44,26,115,108,7,0,1,0,13,"",""
"2026-05-15T06:41:00Z",3818,2,48,0.72,0.57,0.45,26,115,108,7,0,1,0,0,"",""
"2026-05-15T06:41:05Z",3823,1,51,0.68,0.57,0.45,26,112,105,7,0,1,0,-3,"",""
"2026-05-15T06:41:10Z",3828,0,46,0.63,0.56,0.45,26,112,105,7,0,1,0,0,"",""
"2026-05-15T06:41:15Z",3833,1,46,0.58,0.55,0.44,26,110,103,7,0,1,0,-2,"",""
"2026-05-15T06:41:20Z",3838,4,55,0.53,0.54,0.44,26,110,103,7,0,1,0,0,"",""
"2026-05-15T06:41:26Z",3844,1,48,0.49,0.53,0.44,26,113,106,7,0,1,0,3,"",""
"2026-05-15T06:41:31Z",3849,5,56,0.45,0.52,0.44,26,113,106,7,0,1,0,0,"",""
"2026-05-15T06:41:36Z",3854,2,48,0.41,0.51,0.43,26,112,105,7,0,1,0,-1,"",""
"2026-05-15T06:41:41Z",3859,4,46,0.38,0.50,0.43,26,112,105,7,0,1,0,0,"",""
"2026-05-15T06:41:46Z",3864,4,56,0.35,0.49,0.43,26,112,105,7,0,1,0,0,"",""
"2026-05-15T06:41:52Z",3870,6,49,0.32,0.48,0.43,26,118,111,7,0,1,0,6,"",""
"2026-05-15T06:41:57Z",3875,7,55,0.29,0.48,0.42,26,123,116,7,0,1,0,5,"",""
"2026-05-15T06:42:02Z",3880,8,57,0.27,0.47,0.42,26,120,113,7,0,1,0,-3,"",""
"2026-05-15T06:42:07Z",3885,3,48,0.25,0.46,0.42,26,120,113,7,0,1,0,0,"",""
"2026-05-15T06:42:12Z",3890,15,48,0.23,0.45,0.42,26,119,112,7,0,1,0,-1,"",""
"2026-05-15T06:42:17Z",3895,13,57,0.29,0.46,0.42,26,119,112,7,0,1,0,0,"",""
"2026-05-15T06:42:23Z",3901,6,49,0.27,0.45,0.42,26,120,113,7,0,1,0,1,"",""
"2026-05-15T06:42:28Z",3906,12,52,0.33,0.46,0.42,26,121,114,7,0,1,0,1,"",""
"2026-05-15T06:42:33Z",3911,2,55,0.30,0.46,0.42,26,120,113,7,0,1,0,-1,"",""
"2026-05-15T06:42:38Z",3916,1,47,0.35,0.46,0.42,26,120,113,7,0,1,0,0,"",""
"2026-05-15T06:42:43Z",3921,2,46,0.33,0.46,0.42,26,123,116,7,0,1,0,3,"",""
"2026-05-15T06:42:48Z",3926,3,46,0.30,0.45,0.42,26,125,118,7,0,1,0,2,"",""
"2026-05-15T06:42:54Z",3932,27,55,0.28,0.44,0.41,26,135,128,7,0,1,0,10,"",""
"2026-05-15T06:42:59Z",3937,3,48,0.25,0.43,0.41,26,135,128,7,0,1,0,0,"",""
"2026-05-15T06:43:04Z",3942,1,53,0.23,0.43,0.41,26,132,125,7,0,1,0,-3,"",""
"2026-05-15T06:43:09Z",3947,2,46,0.21,0.42,0.41,26,132,125,7,0,1,0,0,"",""
"2026-05-15T06:43:14Z",3952,1,46,0.20,0.41,0.40,26,132,125,7,0,1,0,0,"",""
"2026-05-15T06:43:19Z",3957,2,46,0.18,0.40,0.40,26,132,125,7,0,1,0,0,"",""
"2026-05-15T06:43:25Z",3963,2,54,0.17,0.40,0.40,26,133,126,7,0,1,0,1,"",""
"2026-05-15T06:43:30Z",3968,1,47,0.23,0.41,0.40,26,133,126,7,0,1,0,0,"",""
"2026-05-15T06:43:35Z",3973,1,51,0.21,0.40,0.40,26,133,126,7,0,1,0,0,"",""
"2026-05-15T06:43:40Z",3978,1,46,0.62,0.49,0.43,26,133,126,7,0,1,0,0,"",""
"2026-05-15T06:43:45Z",3983,2,46,0.57,0.48,0.43,26,132,125,7,0,1,0,-1,"",""
"2026-05-15T06:43:51Z",3989,1,46,0.53,0.47,0.42,26,132,125,7,0,1,0,0,"",""
"2026-05-15T06:43:56Z",3994,1,52,0.48,0.46,0.42,26,142,135,7,0,1,0,10,"",""
"2026-05-15T06:44:01Z",3999,5,55,0.44,0.45,0.42,26,142,135,7,0,1,0,0,"",""
"2026-05-15T06:44:06Z",4004,1,48,0.41,0.45,0.42,26,140,133,7,0,1,0,-2,"",""
"2026-05-15T06:44:11Z",4009,2,46,0.38,0.44,0.41,26,140,133,7,0,1,0,0,"",""
"2026-05-15T06:44:16Z",4014,4,46,0.35,0.43,0.41,26,138,131,7,0,1,0,-2,"",""
"2026-05-15T06:44:22Z",4020,0,46,0.32,0.42,0.41,26,138,131,7,0,1,0,0,"",""
"2026-05-15T06:44:27Z",4025,2,52,0.29,0.42,0.41,26,141,134,7,0,1,0,3,"",""
"2026-05-15T06:44:32Z",4030,2,46,0.27,0.41,0.40,26,141,134,7,0,1,0,0,"",""
"2026-05-15T06:44:37Z",4035,1,50,0.25,0.40,0.40,26,141,134,7,0,1,0,0,"",""
"2026-05-15T06:44:42Z",4040,3,47,0.23,0.40,0.40,26,140,133,7,0,1,0,-1,"",""
"2026-05-15T06:44:47Z",4045,2,54,0.21,0.39,0.40,26,140,133,7,0,1,0,0,"",""
"2026-05-15T06:44:53Z",4051,23,56,0.19,0.38,0.39,26,146,139,7,0,1,0,6,"",""
"2026-05-15T06:44:58Z",4056,17,51,0.26,0.39,0.40,27,135,128,7,0,1,0,-11,"",""
"2026-05-15T06:45:03Z",4061,16,48,0.32,0.40,0.40,27,140,133,7,0,2,0,5,"",""
"2026-05-15T06:45:08Z",4066,0,51,0.29,0.40,0.40,27,141,134,7,0,1,0,1,"",""
"2026-05-15T06:45:13Z",4071,1,47,0.27,0.39,0.40,27,139,132,7,0,1,0,-2,"",""
"2026-05-15T06:45:19Z",4077,1,53,0.25,0.38,0.39,27,139,132,7,0,1,0,0,"",""
"2026-05-15T06:45:24Z",4082,2,47,0.23,0.38,0.39,27,141,134,7,0,1,0,2,"",""
"2026-05-15T06:45:29Z",4087,2,51,0.21,0.37,0.39,27,142,135,7,0,1,0,1,"",""
"2026-05-15T06:45:34Z",4092,15,56,0.19,0.36,0.39,27,142,135,7,0,1,0,0,"",""
"2026-05-15T06:45:39Z",4097,2,48,0.17,0.36,0.38,27,142,135,7,0,1,0,0,"",""
"2026-05-15T06:45:44Z",4102,2,47,0.16,0.35,0.38,27,143,136,7,0,1,0,1,"",""
"2026-05-15T06:45:50Z",4108,17,52,0.15,0.34,0.38,27,147,140,7,0,1,0,4,"",""
"2026-05-15T06:45:55Z",4113,3,59,0.22,0.36,0.38,27,159,152,7,0,1,0,12,"",""
"2026-05-15T06:46:00Z",4118,2,51,0.28,0.37,0.39,27,160,153,7,0,1,0,1,"",""
"2026-05-15T06:46:05Z",4123,3,56,0.26,0.36,0.38,27,156,149,7,0,1,0,-4,"",""
"2026-05-15T06:46:10Z",4128,2,48,0.24,0.35,0.38,27,156,149,7,0,1,0,0,"",""
"2026-05-15T06:46:15Z",4133,2,51,0.20,0.34,0.38,27,157,150,7,0,1,0,1,"",""
"2026-05-15T06:46:21Z",4139,2,47,0.18,0.34,0.37,27,157,150,7,0,1,0,0,"",""
"2026-05-15T06:46:26Z",4144,5,57,0.17,0.33,0.37,27,158,151,7,0,1,0,1,"",""
"2026-05-15T06:46:31Z",4149,2,49,0.15,0.32,0.37,27,158,151,7,0,1,0,0,"",""
"2026-05-15T06:46:36Z",4154,14,55,0.22,0.34,0.37,23,7,0,7,0,1,1,-151,"WATCHDOG_FIRE","drop:151,from:158,cycle_sec:1144"
"2026-05-15T06:46:41Z",4159,15,58,0.28,0.35,0.38,23,8,1,7,0,1,1,1,"",""
"2026-05-15T06:46:47Z",4165,23,58,0.34,0.36,0.38,24,22,17,5,0,4,0,14,"",""
"2026-05-15T06:46:52Z",4170,22,58,0.39,0.37,0.38,25,31,25,6,0,3,0,9,"",""
"2026-05-15T06:46:57Z",4175,29,57,0.44,0.38,0.39,25,35,29,6,0,2,0,4,"",""
"2026-05-15T06:47:02Z",4180,1,50,0.57,0.41,0.39,25,35,28,7,0,1,0,0,"",""
"2026-05-15T06:47:07Z",4185,1,54,0.60,0.42,0.40,25,36,29,7,0,1,0,1,"",""
"2026-05-15T06:47:12Z",4190,2,48,0.56,0.41,0.40,25,36,29,7,0,1,0,0,"",""
"2026-05-15T06:47:18Z",4196,2,52,0.51,0.40,0.39,25,41,34,7,0,1,0,5,"",""
"2026-05-15T06:47:23Z",4201,11,48,0.47,0.40,0.39,25,44,37,7,0,1,0,3,"",""
"2026-05-15T06:47:28Z",4206,7,55,0.51,0.41,0.39,25,43,36,7,0,1,0,-1,"",""
"2026-05-15T06:47:33Z",4211,3,47,0.55,0.42,0.40,25,42,35,7,0,1,0,-1,"",""
"2026-05-15T06:47:38Z",4216,1,52,0.51,0.41,0.39,25,43,36,7,0,1,0,1,"",""
"2026-05-15T06:47:43Z",4221,2,47,0.47,0.40,0.39,25,44,37,7,0,1,0,1,"",""
"2026-05-15T06:47:49Z",4227,2,53,0.43,0.40,0.39,25,45,38,7,0,1,0,1,"",""
"2026-05-15T06:47:54Z",4232,10,56,0.39,0.39,0.39,25,54,47,7,0,1,0,9,"",""
"2026-05-15T06:47:59Z",4237,2,49,0.36,0.38,0.39,25,53,46,7,0,1,0,-1,"",""
"2026-05-15T06:48:04Z",4242,2,46,0.33,0.38,0.38,25,50,43,7,0,1,0,-3,"",""
"2026-05-15T06:48:09Z",4247,2,50,0.31,0.37,0.38,25,51,44,7,0,1,0,1,"",""
"2026-05-15T06:48:14Z",4252,1,46,0.28,0.36,0.38,25,50,43,7,0,1,0,-1,"",""
"2026-05-15T06:48:20Z",4258,2,50,0.26,0.36,0.38,25,51,44,7,0,1,0,1,"",""
"2026-05-15T06:48:25Z",4263,3,46,0.24,0.35,0.37,25,52,45,7,0,1,0,1,"",""
"2026-05-15T06:48:30Z",4268,1,46,0.22,0.34,0.37,25,52,45,7,0,1,0,0,"",""
"2026-05-15T06:48:35Z",4273,3,46,0.20,0.34,0.37,25,51,44,7,0,1,0,-1,"",""
"2026-05-15T06:48:40Z",4278,2,49,0.26,0.35,0.37,25,51,44,7,0,1,0,0,"",""
"2026-05-15T06:48:45Z",4283,3,46,0.24,0.34,0.37,25,51,44,7,0,1,0,0,"",""
"2026-05-15T06:48:51Z",4289,1,48,0.35,0.37,0.38,25,52,45,7,0,1,0,1,"",""
"2026-05-15T06:48:56Z",4294,1,52,0.32,0.36,0.37,25,62,55,7,0,1,0,10,"",""
"2026-05-15T06:49:01Z",4299,2,46,0.30,0.35,0.37,25,62,55,7,0,1,0,0,"",""
"2026-05-15T06:49:06Z",4304,5,55,0.27,0.35,0.37,25,58,51,7,0,1,0,-4,"",""
"2026-05-15T06:49:11Z",4309,2,47,0.25,0.34,0.37,25,58,51,7,0,1,0,0,"",""
"2026-05-15T06:49:16Z",4314,12,55,0.23,0.33,0.36,25,59,52,7,0,1,0,1,"",""
"2026-05-15T06:49:22Z",4320,0,47,0.29,0.35,0.37,25,59,52,7,0,1,0,0,"",""
"2026-05-15T06:49:27Z",4325,3,46,0.27,0.34,0.36,25,59,53,6,0,2,0,0,"",""
"2026-05-15T06:49:32Z",4330,2,47,0.25,0.33,0.36,25,60,53,7,0,1,0,1,"",""
"2026-05-15T06:49:37Z",4335,3,55,0.23,0.33,0.36,25,60,53,7,0,1,0,0,"",""
"2026-05-15T06:49:42Z",4340,3,47,0.21,0.32,0.36,25,60,53,7,0,1,0,0,"",""
"2026-05-15T06:49:47Z",4345,5,55,0.19,0.32,0.36,25,61,54,7,0,1,0,1,"",""
"2026-05-15T06:49:53Z",4351,25,56,0.18,0.31,0.35,25,70,63,7,0,1,0,9,"",""
"2026-05-15T06:49:58Z",4356,6,49,0.16,0.31,0.35,25,71,64,7,0,1,0,1,"",""
"2026-05-15T06:50:03Z",4361,4,46,0.15,0.30,0.35,25,68,61,7,0,1,0,-3,"",""
"2026-05-15T06:50:08Z",4366,16,52,0.30,0.33,0.36,25,62,55,7,0,1,0,-6,"",""
"2026-05-15T06:50:13Z",4371,3,54,0.27,0.32,0.36,25,60,53,7,0,1,0,-2,"",""
"2026-05-15T06:50:18Z",4376,2,56,0.25,0.32,0.36,25,60,53,7,0,1,0,0,"",""
"2026-05-15T06:50:24Z",4382,2,48,0.23,0.31,0.35,25,61,54,7,0,1,0,1,"",""
"2026-05-15T06:50:29Z",4387,3,53,0.21,0.31,0.35,25,62,55,7,0,1,0,1,"",""
"2026-05-15T06:50:34Z",4392,1,46,0.20,0.30,0.35,25,61,54,7,0,1,0,-1,"",""
"2026-05-15T06:50:39Z",4397,3,52,0.26,0.31,0.35,25,60,53,7,0,1,0,-1,"",""
"2026-05-15T06:50:44Z",4402,1,46,0.32,0.33,0.36,25,61,54,7,0,1,0,1,"",""
"2026-05-15T06:50:49Z",4407,17,52,0.29,0.32,0.36,25,67,60,7,0,1,0,6,"",""
"2026-05-15T06:50:55Z",4413,3,56,0.35,0.33,0.36,25,60,53,7,0,1,0,-7,"",""
"2026-05-15T06:51:00Z",4418,1,49,0.32,0.33,0.36,25,60,53,7,0,1,0,0,"",""
"2026-05-15T06:51:05Z",4423,3,53,0.30,0.32,0.36,25,59,52,7,0,1,0,-1,"",""
"2026-05-15T06:51:10Z",4428,3,56,0.27,0.31,0.35,25,59,52,7,0,1,0,0,"",""
"2026-05-15T06:51:15Z",4433,3,48,0.25,0.31,0.35,25,58,51,7,0,1,0,-1,"",""
"2026-05-15T06:51:20Z",4438,1,51,0.23,0.30,0.35,25,59,52,7,0,1,0,1,"",""
"2026-05-15T06:51:26Z",4444,1,46,0.27,0.31,0.35,25,59,52,7,0,1,0,0,"",""
"2026-05-15T06:51:31Z",4449,3,45,0.25,0.30,0.35,25,59,52,7,0,1,0,0,"",""
"2026-05-15T06:51:36Z",4454,1,47,0.23,0.30,0.35,25,60,53,7,0,1,0,1,"",""
"2026-05-15T06:51:41Z",4459,2,49,0.21,0.29,0.35,25,60,53,7,0,1,0,0,"",""
"2026-05-15T06:51:46Z",4464,8,46,0.35,0.32,0.36,25,62,55,7,0,1,0,2,"",""
"2026-05-15T06:51:52Z",4470,7,50,0.32,0.32,0.35,25,69,62,7,0,1,0,7,"",""
"2026-05-15T06:51:57Z",4475,2,46,0.30,0.31,0.35,25,73,66,7,0,1,0,4,"",""
"2026-05-15T06:52:02Z",4480,2,49,0.27,0.31,0.35,25,70,63,7,0,1,0,-3,"",""
"2026-05-15T06:52:07Z",4485,2,45,0.25,0.30,0.35,25,70,63,7,0,1,0,0,"",""
"2026-05-15T06:52:12Z",4490,3,48,0.23,0.30,0.35,25,70,63,7,0,1,0,0,"",""
"2026-05-15T06:52:17Z",4495,2,46,0.21,0.29,0.34,25,69,62,7,0,1,0,-1,"",""
"2026-05-15T06:52:23Z",4501,3,48,0.19,0.29,0.34,25,69,62,7,0,1,0,0,"",""
"2026-05-15T06:52:28Z",4506,8,55,0.18,0.28,0.34,25,70,63,7,0,1,0,1,"",""
"2026-05-15T06:52:33Z",4511,3,47,0.25,0.29,0.34,25,71,64,7,0,1,0,1,"",""
"2026-05-15T06:52:38Z",4516,5,55,0.31,0.30,0.35,25,71,64,7,0,1,0,0,"",""
"2026-05-15T06:52:43Z",4521,3,47,0.28,0.30,0.35,25,70,63,7,0,1,0,-1,"",""
"2026-05-15T06:52:48Z",4526,2,49,0.26,0.29,0.34,25,71,64,7,0,1,0,1,"",""
"2026-05-15T06:52:54Z",4532,17,63,0.24,0.29,0.34,26,82,75,7,0,1,0,11,"",""
"2026-05-15T06:52:59Z",4537,2,54,0.22,0.28,0.34,26,82,75,7,0,1,0,0,"",""
"2026-05-15T06:53:04Z",4542,3,46,0.20,0.28,0.34,26,79,72,7,0,1,0,-3,"",""
"2026-05-15T06:53:09Z",4547,4,54,0.18,0.27,0.34,26,79,72,7,0,1,0,0,"",""
"2026-05-15T06:53:14Z",4552,1,46,0.17,0.27,0.33,26,79,72,7,0,1,0,0,"",""
"2026-05-15T06:53:19Z",4557,8,54,0.16,0.26,0.33,26,80,73,7,0,1,0,1,"",""
"2026-05-15T06:53:25Z",4563,2,47,0.14,0.26,0.33,26,79,72,7,0,1,0,-1,"",""
"2026-05-15T06:53:30Z",4568,1,51,0.13,0.26,0.33,26,79,72,7,0,1,0,0,"",""
"2026-05-15T06:53:35Z",4573,4,45,0.12,0.25,0.33,25,80,73,7,0,1,0,1,"",""
"2026-05-15T06:53:40Z",4578,2,52,0.11,0.25,0.32,25,80,73,7,0,1,0,0,"",""
"2026-05-15T06:53:45Z",4583,5,45,0.10,0.24,0.32,25,78,71,7,0,1,0,-2,"",""
"2026-05-15T06:53:50Z",4588,4,49,0.09,0.24,0.32,26,79,72,7,0,1,0,1,"",""
"2026-05-15T06:53:56Z",4594,4,53,0.08,0.23,0.32,26,90,83,7,0,1,0,11,"",""
"2026-05-15T06:54:01Z",4599,3,46,0.15,0.24,0.32,26,90,83,7,0,1,0,0,"",""
"2026-05-15T06:54:06Z",4604,2,49,0.13,0.24,0.32,26,86,79,7,0,1,0,-4,"",""
"2026-05-15T06:54:11Z",4609,3,51,0.12,0.23,0.32,26,86,79,7,0,1,0,0,"",""
"2026-05-15T06:54:16Z",4614,5,45,0.11,0.23,0.31,26,87,80,7,0,1,0,1,"",""
"2026-05-15T06:54:21Z",4619,2,52,0.18,0.24,0.32,26,88,81,7,0,1,0,1,"",""
"2026-05-15T06:54:27Z",4625,2,45,0.17,0.24,0.32,26,87,80,7,0,1,0,-1,"",""
"2026-05-15T06:54:32Z",4630,6,46,0.16,0.23,0.31,26,87,80,7,0,1,0,0,"",""
"2026-05-15T06:54:37Z",4635,3,45,0.14,0.23,0.31,26,88,81,7,0,1,0,1,"",""
"2026-05-15T06:54:42Z",4640,2,50,0.21,0.24,0.32,26,88,81,7,0,1,0,0,"",""
"2026-05-15T06:54:47Z",4645,7,54,0.19,0.24,0.31,26,87,80,7,0,1,0,-1,"",""
"2026-05-15T06:54:52Z",4651,17,49,0.18,0.23,0.31,26,94,87,7,0,1,0,7,"",""
"2026-05-15T06:54:58Z",4656,3,53,0.16,0.23,0.31,26,98,91,7,0,1,0,4,"",""
"2026-05-15T06:55:03Z",4661,3,46,0.15,0.23,0.31,26,95,88,7,0,1,0,-3,"",""
"2026-05-15T06:55:08Z",4666,1,46,0.14,0.22,0.31,26,95,88,7,0,1,0,0,"",""
"2026-05-15T06:55:13Z",4671,15,50,0.13,0.22,0.30,26,97,90,7,0,2,0,2,"",""
"2026-05-15T06:55:18Z",4676,14,54,0.20,0.23,0.31,26,83,76,7,0,1,0,-14,"",""
"2026-05-15T06:55:24Z",4682,3,47,0.18,0.23,0.31,26,88,81,7,0,1,0,5,"",""
"2026-05-15T06:55:29Z",4687,7,46,0.17,0.22,0.30,26,89,82,7,0,1,0,1,"",""
"2026-05-15T06:55:34Z",4692,9,56,0.15,0.22,0.30,26,90,83,7,0,1,0,1,"",""
"2026-05-15T06:55:39Z",4697,7,48,0.14,0.22,0.30,26,90,83,7,0,1,0,0,"",""
"2026-05-15T06:55:44Z",4702,3,50,0.13,0.21,0.30,26,90,83,7,0,1,0,0,"",""
"2026-05-15T06:55:49Z",4707,16,54,0.28,0.24,0.31,26,66,59,7,0,2,0,-24,"",""
"2026-05-15T06:55:55Z",4713,2,60,0.34,0.26,0.31,26,80,73,7,0,1,0,14,"",""
"2026-05-15T06:56:00Z",4718,2,52,0.31,0.25,0.31,26,80,73,7,0,1,0,0,"",""
"2026-05-15T06:56:05Z",4723,2,46,0.28,0.25,0.31,26,76,69,7,0,1,0,-4,"",""
"2026-05-15T06:56:10Z",4728,4,57,0.26,0.24,0.31,26,76,69,7,0,1,0,0,"",""
"2026-05-15T06:56:15Z",4733,2,49,0.24,0.24,0.30,26,77,70,7,0,1,0,1,"",""
"2026-05-15T06:56:21Z",4739,2,51,0.22,0.23,0.30,26,77,70,7,0,1,0,0,"",""
"2026-05-15T06:56:26Z",4744,1,53,0.20,0.23,0.30,26,78,71,7,0,1,0,1,"",""
"2026-05-15T06:56:31Z",4749,1,46,0.19,0.23,0.30,26,78,71,7,0,1,0,0,"",""
"2026-05-15T06:56:36Z",4754,1,48,0.16,0.22,0.29,26,77,70,7,0,1,0,-1,"",""
"2026-05-15T06:56:41Z",4759,6,55,0.14,0.21,0.29,26,77,70,7,0,1,0,0,"",""
"2026-05-15T06:56:46Z",4764,15,48,0.21,0.23,0.30,26,80,73,7,0,1,0,3,"",""
"2026-05-15T06:56:52Z",4770,9,56,0.20,0.22,0.29,26,86,79,7,0,1,0,6,"",""
"2026-05-15T06:56:57Z",4775,1,49,0.18,0.22,0.29,26,90,83,7,0,1,0,4,"",""
"2026-05-15T06:57:02Z",4780,3,51,0.17,0.22,0.29,26,87,80,7,0,1,0,-3,"",""
"2026-05-15T06:57:07Z",4785,1,46,0.15,0.21,0.29,26,87,80,7,0,1,0,0,"",""
"2026-05-15T06:57:12Z",4790,12,53,0.22,0.22,0.29,26,88,81,7,0,1,0,1,"",""
"2026-05-15T06:57:17Z",4795,16,49,0.28,0.24,0.30,26,88,81,7,0,1,0,0,"",""
"2026-05-15T06:57:23Z",4801,7,49,0.34,0.25,0.30,26,89,82,7,0,1,0,1,"",""
"2026-05-15T06:57:28Z",4806,2,47,0.31,0.25,0.30,26,88,81,7,0,1,0,-1,"",""
"2026-05-15T06:57:33Z",4811,3,50,0.29,0.24,0.30,26,87,80,7,0,1,0,-1,"",""
"2026-05-15T06:57:38Z",4816,1,46,0.26,0.24,0.29,26,88,81,7,0,1,0,1,"",""
"2026-05-15T06:57:43Z",4821,5,53,0.24,0.23,0.29,26,89,82,7,0,1,0,1,"",""
"2026-05-15T06:57:48Z",4826,2,55,0.22,0.23,0.29,26,89,82,7,0,1,0,0,"",""
"2026-05-15T06:57:54Z",4832,19,63,0.29,0.24,0.29,26,99,92,7,0,1,0,10,"",""
"2026-05-15T06:57:59Z",4837,2,55,0.26,0.24,0.29,26,98,91,7,0,1,0,-1,"",""
"2026-05-15T06:58:04Z",4842,3,47,0.24,0.23,0.29,26,95,88,7,0,1,0,-3,"",""
"2026-05-15T06:58:09Z",4847,3,46,0.22,0.23,0.29,26,96,89,7,0,1,0,1,"",""
"2026-05-15T06:58:14Z",4852,3,52,0.20,0.23,0.29,26,96,89,7,0,1,0,0,"",""
"2026-05-15T06:58:19Z",4857,3,46,0.19,0.22,0.28,26,96,89,7,0,1,0,0,"",""
"2026-05-15T06:58:25Z",4863,3,53,0.17,0.22,0.28,26,96,89,7,0,1,0,0,"",""
"2026-05-15T06:58:30Z",4868,6,55,0.16,0.21,0.28,26,96,89,7,0,1,0,0,"",""
"2026-05-15T06:58:35Z",4873,4,47,0.14,0.21,0.28,26,97,90,7,0,1,0,1,"",""
"2026-05-15T06:58:40Z",4878,1,45,0.13,0.21,0.28,26,97,90,7,0,1,0,0,"",""
"2026-05-15T06:58:45Z",4883,2,50,0.12,0.20,0.27,26,96,89,7,0,1,0,-1,"",""
"2026-05-15T06:58:51Z",4889,3,46,0.11,0.20,0.27,26,96,89,7,0,1,0,0,"",""
"2026-05-15T06:58:56Z",4894,2,52,0.10,0.20,0.27,26,108,101,7,0,1,0,12,"",""
"2026-05-15T06:59:01Z",4899,0,46,0.09,0.19,0.27,26,108,101,7,0,1,0,0,"",""
"2026-05-15T06:59:06Z",4904,3,46,0.09,0.19,0.27,26,105,98,7,0,1,0,-3,"",""
"2026-05-15T06:59:11Z",4909,2,46,0.29,0.23,0.28,26,105,98,7,0,1,0,0,"",""
"2026-05-15T06:59:16Z",4914,7,49,0.27,0.23,0.28,26,105,98,7,0,1,0,0,"",""
"2026-05-15T06:59:22Z",4920,2,46,0.25,0.22,0.28,26,105,98,7,0,1,0,0,"",""
"2026-05-15T06:59:27Z",4925,1,50,0.23,0.22,0.28,26,105,98,7,0,1,0,0,"",""
"2026-05-15T06:59:32Z",4930,3,52,0.21,0.22,0.27,26,105,98,7,0,1,0,0,"",""
"2026-05-15T06:59:37Z",4935,0,46,0.19,0.21,0.27,26,105,98,7,0,1,0,0,"",""
"2026-05-15T06:59:42Z",4940,3,46,0.18,0.21,0.27,26,104,97,7,0,1,0,-1,"",""
"2026-05-15T06:59:47Z",4945,5,48,0.16,0.20,0.27,26,105,98,7,0,1,0,1,"",""
"2026-05-15T06:59:53Z",4951,24,56,0.15,0.20,0.27,26,112,105,7,0,1,0,7,"",""
"2026-05-15T06:59:58Z",4956,1,48,0.14,0.20,0.27,26,116,109,7,0,1,0,4,"",""
"2026-05-15T07:00:03Z",4961,2,51,0.13,0.19,0.26,26,113,106,7,0,1,0,-3,"",""
"2026-05-15T07:00:08Z",4966,1,46,0.12,0.19,0.26,26,113,106,7,0,1,0,0,"",""
"2026-05-15T07:00:13Z",4971,9,56,0.11,0.19,0.26,26,112,105,7,0,1,0,-1,"",""
"2026-05-15T07:00:18Z",4976,1,48,0.10,0.18,0.26,26,111,104,7,0,1,0,-1,"",""
"2026-05-15T07:00:24Z",4982,15,47,0.25,0.21,0.27,26,119,112,7,0,1,0,8,"",""
"2026-05-15T07:00:29Z",4987,8,51,0.31,0.23,0.27,26,127,120,7,0,1,0,8,"",""
"2026-05-15T07:00:34Z",4992,2,47,0.29,0.22,0.27,27,126,119,7,0,1,0,-1,"",""
"2026-05-15T07:00:39Z",4997,2,47,0.26,0.22,0.27,27,126,119,7,0,1,0,0,"",""
"2026-05-15T07:00:44Z",5002,1,54,0.32,0.23,0.27,27,127,120,7,0,1,0,1,"",""
"2026-05-15T07:00:49Z",5008,15,49,0.38,0.25,0.28,27,131,124,7,0,1,0,4,"",""
"2026-05-15T07:00:55Z",5013,3,54,0.35,0.24,0.28,27,116,109,7,0,1,0,-15,"",""
"2026-05-15T07:01:00Z",5018,6,57,0.32,0.24,0.27,27,117,110,7,0,1,0,1,"",""
"2026-05-15T07:01:05Z",5023,1,49,0.29,0.23,0.27,27,113,106,7,0,1,0,-4,"",""
"2026-05-15T07:01:10Z",5028,2,47,0.35,0.25,0.28,27,113,106,7,0,1,0,0,"",""
"2026-05-15T07:01:15Z",5033,3,54,0.40,0.26,0.28,27,114,107,7,0,1,0,1,"",""
"2026-05-15T07:01:21Z",5039,2,47,0.45,0.27,0.28,27,114,107,7,0,1,0,0,"",""
"2026-05-15T07:01:26Z",5044,6,56,0.41,0.27,0.28,27,114,107,7,0,1,0,0,"",""
"2026-05-15T07:01:31Z",5049,0,48,0.38,0.26,0.28,27,114,107,7,0,1,0,0,"",""
"2026-05-15T07:01:36Z",5054,1,47,0.35,0.26,0.28,27,114,107,7,0,1,0,0,"",""
"2026-05-15T07:01:41Z",5059,1,47,0.32,0.25,0.28,27,114,107,7,0,1,0,0,"",""
"2026-05-15T07:01:46Z",5064,7,53,0.42,0.28,0.28,27,117,110,7,0,1,0,3,"",""
"2026-05-15T07:01:52Z",5070,6,48,0.39,0.27,0.28,27,125,118,7,0,1,0,8,"",""
"2026-05-15T07:01:57Z",5075,1,51,0.35,0.27,0.28,27,129,122,7,0,1,0,4,"",""
"2026-05-15T07:02:02Z",5080,4,54,0.33,0.26,0.28,27,126,119,7,0,1,0,-3,"",""
"2026-05-15T07:02:07Z",5085,3,47,0.30,0.26,0.28,27,125,118,7,0,1,0,-1,"",""
"2026-05-15T07:02:12Z",5090,3,47,0.27,0.25,0.27,27,125,118,7,0,1,0,0,"",""
"2026-05-15T07:02:17Z",5095,7,53,0.25,0.25,0.27,27,126,119,7,0,1,0,1,"",""
"2026-05-15T07:02:23Z",5101,3,48,0.23,0.24,0.27,27,126,119,7,0,1,0,0,"",""
"2026-05-15T07:02:28Z",5106,2,54,0.21,0.24,0.27,27,127,120,7,0,1,0,1,"",""
"2026-05-15T07:02:33Z",5111,3,47,1.16,0.43,0.33,27,127,120,7,0,1,0,0,"",""
"2026-05-15T07:02:38Z",5116,2,47,1.06,0.43,0.33,27,127,120,7,0,1,0,0,"",""
"2026-05-15T07:02:43Z",5121,3,47,1.06,0.44,0.33,27,127,120,7,0,1,0,0,"",""
"2026-05-15T07:02:48Z",5126,1,52,1.05,0.45,0.34,27,127,120,7,0,1,0,0,"",""
"2026-05-15T07:02:54Z",5132,17,57,0.97,0.44,0.34,27,136,129,7,0,1,0,9,"",""
"2026-05-15T07:02:59Z",5137,1,49,0.97,0.45,0.34,27,136,129,7,0,1,0,0,"",""
"2026-05-15T07:03:04Z",5142,2,51,0.89,0.44,0.34,27,133,126,7,0,1,0,-3,"",""
"2026-05-15T07:03:09Z",5147,2,47,0.82,0.43,0.34,27,134,127,7,0,1,0,1,"",""
"2026-05-15T07:03:14Z",5152,4,47,0.76,0.43,0.33,27,133,126,7,0,1,0,-1,"",""
"2026-05-15T07:03:20Z",5158,2,51,0.70,0.42,0.33,27,133,126,7,0,1,0,0,"",""
"2026-05-15T07:03:25Z",5163,2,47,0.64,0.41,0.33,27,134,127,7,0,1,0,1,"",""
"2026-05-15T07:03:30Z",5168,2,52,0.59,0.40,0.33,27,135,128,7,0,1,0,1,"",""
"2026-05-15T07:03:35Z",5173,4,48,0.62,0.41,0.33,27,134,127,7,0,1,0,-1,"",""
"2026-05-15T07:03:40Z",5178,2,47,0.57,0.41,0.33,27,134,127,7,0,1,0,0,"",""
"2026-05-15T07:03:45Z",5183,4,57,0.53,0.40,0.33,27,135,128,7,0,1,0,1,"",""
"2026-05-15T07:03:51Z",5189,2,49,0.48,0.39,0.33,27,135,128,7,0,1,0,0,"",""
"2026-05-15T07:03:56Z",5194,1,53,0.60,0.42,0.34,27,144,137,7,0,1,0,9,"",""
"2026-05-15T07:04:01Z",5199,4,55,0.56,0.41,0.33,27,145,138,7,0,1,0,1,"",""
"2026-05-15T07:04:06Z",5204,3,48,0.51,0.41,0.33,27,142,135,7,0,1,0,-3,"",""
"2026-05-15T07:04:11Z",5209,0,51,0.47,0.40,0.33,27,142,135,7,0,1,0,0,"",""
"2026-05-15T07:04:16Z",5214,8,54,0.47,0.40,0.33,27,140,133,7,0,1,0,-2,"",""
"2026-05-15T07:04:22Z",5220,2,47,0.51,0.41,0.34,27,140,133,7,0,1,0,0,"",""
"2026-05-15T07:04:27Z",5225,1,47,0.47,0.41,0.33,27,142,135,7,0,1,0,2,"",""
"2026-05-15T07:04:32Z",5230,2,50,0.43,0.40,0.33,27,143,136,7,0,1,0,1,"",""
"2026-05-15T07:04:37Z",5235,1,47,0.40,0.39,0.33,27,142,135,7,0,1,0,-1,"",""
"2026-05-15T07:04:42Z",5240,1,47,0.37,0.39,0.33,27,143,136,7,0,1,0,1,"",""
"2026-05-15T07:04:47Z",5245,8,55,0.34,0.38,0.33,27,144,137,7,0,1,0,1,"",""
"2026-05-15T07:04:53Z",5251,26,56,0.39,0.39,0.33,27,152,145,7,0,1,0,8,"",""
"2026-05-15T07:04:58Z",5256,5,60,0.36,0.38,0.33,27,154,147,7,0,1,0,2,"",""
"2026-05-15T07:05:03Z",5261,2,52,0.41,0.39,0.33,27,151,144,7,0,1,0,-3,"",""
"2026-05-15T07:05:08Z",5266,4,47,0.38,0.39,0.33,27,151,144,7,0,1,0,0,"",""
"2026-05-15T07:05:13Z",5271,1,47,0.35,0.38,0.33,27,151,144,7,0,1,0,0,"",""
"2026-05-15T07:05:18Z",5276,2,54,0.48,0.41,0.34,27,150,143,7,0,1,0,-1,"",""
"2026-05-15T07:05:24Z",5282,2,47,0.44,0.40,0.34,27,149,142,7,0,1,0,-1,"",""
"2026-05-15T07:05:29Z",5287,16,56,0.41,0.39,0.33,27,154,147,7,0,1,0,5,"",""
"2026-05-15T07:05:34Z",5292,20,52,0.53,0.42,0.34,27,138,131,7,0,1,0,-16,"",""
"2026-05-15T07:05:39Z",5297,1,47,0.57,0.43,0.35,27,141,134,7,0,1,0,3,"",""
"2026-05-15T07:05:44Z",5302,3,47,0.52,0.42,0.35,27,140,133,7,0,1,0,-1,"",""
"2026-05-15T07:05:49Z",5307,14,52,0.64,0.45,0.35,27,144,137,7,0,1,0,4,"",""
"2026-05-15T07:05:55Z",5313,4,56,0.75,0.47,0.36,27,156,149,7,0,1,0,12,"",""
"2026-05-15T07:06:00Z",5318,4,58,0.69,0.47,0.36,27,157,150,7,0,1,0,1,"",""
"2026-05-15T07:06:05Z",5323,4,50,0.72,0.48,0.37,27,154,147,7,0,1,0,-3,"",""
"2026-05-15T07:06:10Z",5328,3,47,0.66,0.47,0.36,27,154,147,7,0,1,0,0,"",""
"2026-05-15T07:06:15Z",5333,3,52,0.61,0.46,0.36,27,153,146,7,0,1,0,-1,"",""
"2026-05-15T07:06:20Z",5338,4,47,0.64,0.47,0.36,27,153,146,7,0,1,0,0,"",""
"2026-05-15T07:06:26Z",5344,3,47,0.59,0.46,0.36,27,153,146,7,0,1,0,0,"",""
"2026-05-15T07:06:31Z",5349,5,53,0.54,0.45,0.36,27,154,147,7,0,1,0,1,"",""
"2026-05-15T07:06:36Z",5354,2,46,0.58,0.46,0.36,27,154,147,7,0,1,0,0,"",""
"2026-05-15T07:06:41Z",5359,2,47,0.53,0.45,0.36,27,154,147,7,0,1,0,0,"",""
"2026-05-15T07:06:46Z",5364,6,47,0.53,0.46,0.36,27,155,148,7,0,1,0,1,"",""
"2026-05-15T07:06:52Z",5370,6,49,0.49,0.45,0.36,27,164,157,7,0,1,0,9,"",""
"2026-05-15T07:06:57Z",5375,1,54,0.45,0.44,0.36,27,166,159,7,0,1,0,2,"",""
"2026-05-15T07:07:02Z",5380,13,49,0.49,0.45,0.36,27,164,157,7,0,1,0,-2,"",""
"2026-05-15T07:07:07Z",5385,1,47,0.45,0.44,0.36,27,165,158,7,0,1,0,1,"",""
"2026-05-15T07:07:12Z",5390,3,46,0.41,0.43,0.36,27,165,158,7,0,1,0,0,"",""
"2026-05-15T07:07:17Z",5395,7,55,0.54,0.46,0.37,27,165,158,7,0,1,0,0,"",""
"2026-05-15T07:07:23Z",5401,3,47,0.50,0.45,0.37,27,165,158,7,0,1,0,0,"",""
"2026-05-15T07:07:28Z",5406,2,46,0.54,0.46,0.37,27,164,157,7,0,1,0,-1,"",""
"2026-05-15T07:07:33Z",5411,2,52,0.50,0.45,0.37,27,164,157,7,0,1,0,0,"",""
"2026-05-15T07:07:38Z",5416,2,57,0.62,0.48,0.38,23,7,0,7,0,1,1,-157,"WATCHDOG_FIRE","drop:157,from:164,cycle_sec:1262"
"2026-05-15T07:07:43Z",5421,14,59,0.73,0.51,0.38,23,8,1,7,0,1,1,1,"",""
"2026-05-15T07:07:49Z",5427,37,57,0.83,0.53,0.39,24,22,16,6,0,3,0,14,"","cpu_spike:37pct"
"2026-05-15T07:07:54Z",5432,33,56,0.92,0.56,0.40,25,33,28,5,0,4,0,11,"","cpu_spike:33pct"
"2026-05-15T07:07:59Z",5437,15,59,1.01,0.58,0.41,25,34,29,5,0,2,1,1,"",""
"2026-05-15T07:08:04Z",5442,1,55,0.93,0.57,0.41,25,37,30,7,0,1,0,3,"",""
"2026-05-15T07:08:09Z",5447,2,48,1.01,0.59,0.42,25,39,32,7,0,1,0,2,"",""
"2026-05-15T07:08:15Z",5453,11,48,0.93,0.58,0.41,25,42,35,7,0,1,0,3,"",""
"2026-05-15T07:08:20Z",5458,0,55,0.86,0.57,0.41,25,44,37,7,0,1,0,2,"",""
